0.005,0.000166667,0.005,4.16671e-07,
0.105,0.0035,0.105,0.00018375,
0.205,0.00683333,0.204998,0.000700413,
0.305,0.0101667,0.304995,0.0015504,
0.405,0.0135,0.404988,0.00273371,
0.505,0.0168333,0.504976,0.0042503,
0.605,0.0201667,0.604959,0.00610017,
0.705,0.0235,0.704935,0.0082833,
0.805,0.0268333,0.804903,0.0107997,
0.905,0.0301667,0.904863,0.0136492,
1.005,0.0335,1.00481,0.016832,
1.105,0.0368333,1.10475,0.020348,
1.205,0.0401667,1.20468,0.024197,
1.305,0.0435,1.30459,0.028379,
1.405,0.0468333,1.40449,0.0328941,
1.505,0.0501667,1.50437,0.0377421,
1.605,0.0535,1.60423,0.0429231,
1.705,0.0568333,1.70408,0.0484369,
1.805,0.0601667,1.80391,0.0542836,
1.905,0.0635,1.90372,0.060463,
2.005,0.0668333,2.00351,0.066975,
2.105,0.0701667,2.10327,0.0738197,
2.205,0.0735,2.20302,0.0809968,
2.305,0.0768333,2.30273,0.0885064,
2.405,0.0801667,2.40242,0.0963484,
2.505,0.0835,2.50209,0.104523,
2.605,0.0868333,2.60173,0.113029,
2.705,0.0901667,2.70134,0.121867,
2.805,0.0935,2.80091,0.131038,
2.905,0.0968333,2.90046,0.14054,
3.005,0.100167,2.99998,0.150374,
3.105,0.1035,3.09946,0.16054,
3.205,0.106833,3.19891,0.171037,
3.305,0.110167,3.29832,0.181866,
3.405,0.1135,3.39769,0.193026,
3.505,0.116833,3.49703,0.204517,
3.605,0.120167,3.59633,0.216339,
3.705,0.1235,3.69559,0.228493,
3.805,0.126833,3.79481,0.240977,
3.905,0.130167,3.89398,0.253791,
4.005,0.1335,3.99311,0.266937,
4.105,0.136833,4.0922,0.280412,
4.205,0.140167,4.19124,0.294218,
4.305,0.1435,4.29024,0.308354,
4.405,0.146833,4.38919,0.322819,
4.505,0.150167,4.48809,0.337615,
4.605,0.1535,4.58694,0.35274,
4.705,0.156833,4.68574,0.368194,
4.805,0.160167,4.78448,0.383978,
4.905,0.1635,4.88318,0.400091,
5.005,0.166833,4.98181,0.416533,
5.105,0.170167,5.0804,0.433303,
5.205,0.1735,5.17893,0.450402,
5.305,0.176833,5.2774,0.467829,
5.405,0.180167,5.37581,0.485584,
5.505,0.1835,5.47416,0.503668,
5.605,0.186833,5.57245,0.522079,
5.705,0.190167,5.67068,0.540817,
5.805,0.1935,5.76884,0.559883,
5.905,0.196833,5.86694,0.579276,
6.005,0.200167,5.96498,0.598996,
6.105,0.2035,6.06295,0.619043,
6.205,0.206833,6.16085,0.639416,
6.305,0.210167,6.25869,0.660115,
6.405,0.2135,6.35645,0.68114,
6.505,0.216833,6.45415,0.702491,
6.605,0.220167,6.55177,0.724168,
6.705,0.2235,6.64932,0.74617,
6.805,0.226833,6.74679,0.768496,
6.905,0.230167,6.84419,0.791148,
7.005,0.2335,6.94152,0.814124,
7.105,0.236833,7.03877,0.837425,
7.205,0.240167,7.13594,0.861049,
7.305,0.2435,7.23303,0.884998,
7.405,0.246833,7.33004,0.90927,
7.505,0.250167,7.42696,0.933865,
7.605,0.2535,7.52381,0.958783,
7.705,0.256833,7.62057,0.984023,
7.805,0.260167,7.71725,1.00959,
7.905,0.2635,7.81384,1.03547,
8.005,0.266833,7.91035,1.06168,
8.105,0.270167,8.00676,1.08821,
8.205,0.2735,8.10309,1.11506,
8.305,0.276833,8.19933,1.14223,
8.405,0.280167,8.29548,1.16972,
8.505,0.2835,8.39153,1.19753,
8.605,0.286833,8.48749,1.22566,
8.705,0.290167,8.58336,1.25411,
8.805,0.2935,8.67913,1.28288,
8.905,0.296833,8.77481,1.31197,
9.005,0.300167,8.87038,1.34138,
9.105,0.3035,8.96586,1.37111,
9.205,0.306833,9.06124,1.40116,
9.305,0.310167,9.15652,1.43152,
9.405,0.3135,9.2517,1.4622,
9.505,0.316833,9.34677,1.4932,
9.605,0.320167,9.44175,1.52451,
9.705,0.3235,9.53661,1.55614,
9.805,0.326833,9.63137,1.58809,
9.905,0.330167,9.72602,1.62035,
10.005,0.3335,9.82057,1.65293,
10.105,0.336833,9.915,1.68582,
10.205,0.340167,10.0093,1.71903,
10.305,0.3435,10.1035,1.75255,
10.405,0.346833,10.1976,1.78638,
10.505,0.350167,10.2916,1.82053,
10.605,0.3535,10.3855,1.855,
10.705,0.356833,10.4793,1.88977,
10.805,0.360167,10.5729,1.92486,
10.905,0.3635,10.6664,1.96026,
11.005,0.366833,10.7598,1.99597,
11.105,0.370167,10.8531,2.03199,
11.205,0.3735,10.9463,2.06832,
11.305,0.376833,11.0393,2.10496,
11.405,0.380167,11.1323,2.14192,
11.505,0.3835,11.2251,2.17918,
11.605,0.386833,11.3177,2.21675,
11.705,0.390167,11.4103,2.25463,
11.805,0.3935,11.5027,2.29282,
11.905,0.396833,11.595,2.33131,
12.005,0.400167,11.6872,2.37012,
12.105,0.4035,11.7792,2.40923,
12.205,0.406833,11.8711,2.44865,
12.305,0.410167,11.9629,2.48837,
12.405,0.4135,12.0545,2.5284,
12.505,0.416833,12.146,2.56873,
12.605,0.420167,12.2374,2.60937,
12.705,0.4235,12.3286,2.65031,
12.805,0.426833,12.4197,2.69156,
12.905,0.430167,12.5107,2.73311,
13.005,0.4335,12.6015,2.77497,
13.105,0.436833,12.6922,2.81712,
13.205,0.440167,12.7827,2.85958,
13.305,0.4435,12.8731,2.90234,
13.405,0.446833,12.9634,2.9454,
13.505,0.450167,13.0535,2.98876,
13.605,0.4535,13.1434,3.03242,
13.705,0.456833,13.2333,3.07639,
13.805,0.460167,13.3229,3.12065,
13.905,0.4635,13.4125,3.16521,
14.005,0.466833,13.5018,3.21006,
14.105,0.470167,13.5911,3.25522,
14.205,0.4735,13.6801,3.30067,
14.305,0.476833,13.769,3.34642,
14.405,0.480167,13.8578,3.39246,
14.505,0.4835,13.9464,3.4388,
14.605,0.486833,14.0349,3.48544,
14.705,0.490167,14.1232,3.53237,
14.805,0.4935,14.2113,3.57959,
14.905,0.496833,14.2993,3.62711,
15.005,0.500167,14.3872,3.67492,
15.105,0.5035,14.4748,3.72303,
15.205,0.506833,14.5623,3.77142,
15.305,0.510167,14.6497,3.82011,
15.405,0.5135,14.7369,3.86908,
15.505,0.516833,14.8239,3.91835,
15.605,0.520167,14.9107,3.96791,
15.705,0.5235,14.9974,4.01776,
15.805,0.526833,15.084,4.06789,
15.905,0.530167,15.1703,4.11832,
16.005,0.5335,15.2565,4.16903,
16.105,0.536833,15.3425,4.22003,
16.205,0.540167,15.4284,4.27131,
16.305,0.5435,15.5141,4.32288,
16.405,0.546833,15.5996,4.37474,
16.505,0.550167,15.6849,4.42688,
16.605,0.5535,15.77,4.4793,
16.705,0.556833,15.855,4.53201,
16.805,0.560167,15.9398,4.585,
16.905,0.5635,16.0245,4.63828,
17.005,0.566833,16.1089,4.69183,
17.105,0.570167,16.1932,4.74567,
17.205,0.5735,16.2773,4.79979,
17.305,0.576833,16.3612,4.85419,
17.405,0.580167,16.4449,4.90886,
17.505,0.5835,16.5285,4.96382,
17.605,0.586833,16.6118,5.01905,
17.705,0.590167,16.695,5.07456,
17.805,0.5935,16.778,5.13035,
17.905,0.596833,16.8608,5.18642,
18.005,0.600167,16.9434,5.24276,
18.105,0.6035,17.0258,5.29937,
18.205,0.606833,17.1081,5.35626,
18.305,0.610167,17.1901,5.41343,
18.405,0.6135,17.272,5.47086,
18.505,0.616833,17.3537,5.52857,
18.605,0.620167,17.4351,5.58655,
18.705,0.6235,17.5164,5.64481,
18.805,0.626833,17.5975,5.70333,
18.905,0.630167,17.6784,5.76212,
19.005,0.6335,17.7591,5.82119,
19.105,0.636833,17.8396,5.88052,
19.205,0.640167,17.9199,5.94012,
19.305,0.6435,18,5.99998,
19.405,0.646833,18.0799,6.06012,
19.505,0.650167,18.1596,6.12051,
19.605,0.6535,18.2391,6.18118,
19.705,0.656833,18.3184,6.24211,
19.805,0.660167,18.3975,6.3033,
19.905,0.6635,18.4763,6.36476,
20.005,0.666833,18.555,6.42648,
20.105,0.670167,18.6335,6.48846,
20.205,0.6735,18.7118,6.5507,
20.305,0.676833,18.7898,6.6132,
20.405,0.680167,18.8677,6.67596,
20.505,0.6835,18.9453,6.73899,
20.605,0.686833,19.0228,6.80227,
20.705,0.690167,19.1,6.8658,
20.805,0.6935,19.177,6.9296,
20.905,0.696833,19.2538,6.99365,
21.005,0.700167,19.3304,7.05796,
21.105,0.7035,19.4067,7.12252,
21.205,0.706833,19.4829,7.18734,
21.305,0.710167,19.5588,7.25241,
21.405,0.7135,19.6345,7.31773,
21.505,0.716833,19.71,7.3833,
21.605,0.720167,19.7853,7.44913,
21.705,0.7235,19.8604,7.5152,
21.805,0.726833,19.9352,7.58153,
21.905,0.730167,20.0098,7.6481,
22.005,0.7335,20.0842,7.71493,
22.105,0.736833,20.1584,7.782,
22.205,0.740167,20.2323,7.84932,
22.305,0.7435,20.3061,7.91688,
22.405,0.746833,20.3796,7.98469,
22.505,0.750167,20.4528,8.05274,
22.605,0.7535,20.5259,8.12104,
22.705,0.756833,20.5987,8.18958,
22.805,0.760167,20.6713,8.25837,
22.905,0.7635,20.7436,8.32739,
23.005,0.766833,20.8158,8.39666,
23.105,0.770167,20.8877,8.46616,
23.205,0.7735,20.9593,8.53591,
23.305,0.776833,21.0307,8.60589,
23.405,0.780167,21.1019,8.67611,
23.505,0.7835,21.1729,8.74657,
23.605,0.786833,21.2436,8.81727,
23.705,0.790167,21.3141,8.8882,
23.805,0.7935,21.3844,8.95936,
23.905,0.796833,21.4544,9.03076,
24.005,0.800167,21.5242,9.10239,
24.105,0.8035,21.5937,9.17425,
24.205,0.806833,21.663,9.24635,
24.305,0.810167,21.7321,9.31867,
24.405,0.8135,21.8009,9.39123,
24.505,0.816833,21.8695,9.46401,
24.605,0.820167,21.9378,9.53702,
24.705,0.8235,22.0059,9.61026,
24.805,0.826833,22.0737,9.68373,
24.905,0.830167,22.1413,9.75742,
25.005,0.8335,22.2087,9.83134,
25.105,0.836833,22.2758,9.90548,
25.205,0.840167,22.3426,9.97984,
25.305,0.8435,22.4092,10.0544,
25.405,0.846833,22.4756,10.1292,
25.505,0.850167,22.5417,10.2043,
25.605,0.8535,22.6076,10.2795,
25.705,0.856833,22.6732,10.355,
25.805,0.860167,22.7385,10.4307,
25.905,0.8635,22.8036,10.5066,
26.005,0.866833,22.8685,10.5827,
26.105,0.870167,22.9331,10.659,
26.205,0.8735,22.9974,10.7356,
26.305,0.876833,23.0615,10.8123,
26.405,0.880167,23.1254,10.8893,
26.505,0.8835,23.1889,10.9665,
26.605,0.886833,23.2522,11.0439,
26.705,0.890167,23.3153,11.1215,
26.805,0.8935,23.3781,11.1994,
26.905,0.896833,23.4406,11.2774,
27.005,0.900167,23.5029,11.3556,
27.105,0.9035,23.5649,11.4341,
27.205,0.906833,23.6267,11.5127,
27.305,0.910167,23.6882,11.5916,
27.405,0.9135,23.7494,11.6706,
27.505,0.916833,23.8104,11.7499,
27.605,0.920167,23.8711,11.8294,
27.705,0.9235,23.9315,11.909,
27.805,0.926833,23.9917,11.9889,
27.905,0.930167,24.0516,12.069,
28.005,0.9335,24.1112,12.1493,
28.105,0.936833,24.1706,12.2297,
28.205,0.940167,24.2297,12.3104,
28.305,0.9435,24.2885,12.3913,
28.405,0.946833,24.3471,12.4723,
28.505,0.950167,24.4054,12.5536,
28.605,0.9535,24.4634,12.635,
28.705,0.956833,24.5211,12.7167,
28.805,0.960167,24.5786,12.7985,
28.905,0.9635,24.6358,12.8805,
29.005,0.966833,24.6927,12.9627,
29.105,0.970167,24.7494,13.0451,
29.205,0.9735,24.8058,13.1277,
29.305,0.976833,24.8619,13.2105,
29.405,0.980167,24.9177,13.2935,
29.505,0.9835,24.9733,13.3766,
29.605,0.986833,25.0285,13.46,
29.705,0.990167,25.0835,13.5435,
29.805,0.9935,25.1382,13.6272,
29.905,0.996833,25.1927,13.7111,
30.005,1.00017,25.2468,13.7951,
30.105,1.0035,25.3007,13.8794,
30.205,1.00683,25.3543,13.9638,
30.305,1.01017,25.4076,14.0484,
30.405,1.0135,25.4607,14.1332,
30.505,1.01683,25.5134,14.2182,
30.605,1.02017,25.5659,14.3033,
30.705,1.0235,25.618,14.3886,
30.805,1.02683,25.6699,14.4741,
30.905,1.03017,25.7215,14.5597,
31.005,1.0335,25.7729,14.6455,
31.105,1.03683,25.8239,14.7315,
31.205,1.04017,25.8747,14.8177,
31.305,1.0435,25.9251,14.904,
31.405,1.04683,25.9753,14.9905,
31.505,1.05017,26.0252,15.0772,
31.605,1.0535,26.0748,15.164,
31.705,1.05683,26.1241,15.251,
31.805,1.06017,26.1731,15.3382,
31.905,1.0635,26.2218,15.4255,
32.005,1.06683,26.2703,15.513,
32.105,1.07017,26.3184,15.6007,
32.205,1.0735,26.3663,15.6885,
32.305,1.07683,26.4138,15.7764,
32.405,1.08017,26.4611,15.8646,
32.505,1.0835,26.5081,15.9528,
32.605,1.08683,26.5547,16.0413,
32.705,1.09017,26.6011,16.1299,
32.805,1.0935,26.6472,16.2186,
32.905,1.09683,26.693,16.3075,
33.005,1.10017,26.7385,16.3966,
33.105,1.1035,26.7837,16.4858,
33.205,1.10683,26.8286,16.5751,
33.305,1.11017,26.8732,16.6646,
33.405,1.1135,26.9175,16.7543,
33.505,1.11683,26.9615,16.8441,
33.605,1.12017,27.0052,16.934,
33.705,1.1235,27.0486,17.0241,
33.805,1.12683,27.0917,17.1144,
33.905,1.13017,27.1345,17.2047,
34.005,1.1335,27.177,17.2953,
34.105,1.13683,27.2192,17.3859,
34.205,1.14017,27.2611,17.4767,
34.305,1.1435,27.3027,17.5677,
34.405,1.14683,27.344,17.6587,
34.505,1.15017,27.385,17.7499,
34.605,1.1535,27.4256,17.8413,
34.705,1.15683,27.466,17.9328,
34.805,1.16017,27.5061,18.0244,
34.905,1.1635,27.5459,18.1162,
35.005,1.16683,27.5853,18.208,
35.105,1.17017,27.6245,18.3001,
35.205,1.1735,27.6633,18.3922,
35.305,1.17683,27.7019,18.4845,
35.405,1.18017,27.7401,18.5769,
35.505,1.1835,27.778,18.6694,
35.605,1.18683,27.8156,18.7621,
35.705,1.19017,27.8529,18.8549,
35.805,1.1935,27.8899,18.9478,
35.905,1.19683,27.9266,19.0408,
36.005,1.20017,27.963,19.1339,
36.105,1.2035,27.9991,19.2272,
36.205,1.20683,28.0348,19.3206,
36.305,1.21017,28.0702,19.4141,
36.405,1.2135,28.1054,19.5077,
36.505,1.21683,28.1402,19.6015,
36.605,1.22017,28.1747,19.6953,
36.705,1.2235,28.2089,19.7893,
36.805,1.22683,28.2428,19.8834,
36.905,1.23017,28.2763,19.9776,
37.005,1.2335,28.3096,20.0719,
37.105,1.23683,28.3425,20.1663,
37.205,1.24017,28.3751,20.2608,
37.305,1.2435,28.4075,20.3555,
37.405,1.24683,28.4394,20.4502,
37.505,1.25017,28.4711,20.5451,
37.605,1.2535,28.5025,20.64,
37.705,1.25683,28.5335,20.7351,
37.805,1.26017,28.5642,20.8303,
37.905,1.2635,28.5946,20.9255,
38.005,1.26683,28.6247,21.0209,
38.105,1.27017,28.6545,21.1164,
38.205,1.2735,28.684,21.2119,
38.305,1.27683,28.7131,21.3076,
38.405,1.28017,28.7419,21.4033,
38.505,1.2835,28.7704,21.4992,
38.605,1.28683,28.7986,21.5951,
38.705,1.29017,28.8264,21.6912,
38.805,1.2935,28.854,21.7873,
38.905,1.29683,28.8812,21.8835,
39.005,1.30017,28.9081,21.9799,
39.105,1.3035,28.9347,22.0763,
39.205,1.30683,28.9609,22.1728,
39.305,1.31017,28.9868,22.2693,
39.405,1.3135,29.0124,22.366,
39.505,1.31683,29.0377,22.4628,
39.605,1.32017,29.0627,22.5596,
39.705,1.3235,29.0873,22.6565,
39.805,1.32683,29.1117,22.7535,
39.905,1.33017,29.1356,22.8506,
40.005,1.3335,29.1593,22.9477,
40.105,1.33683,29.1827,23.045,
40.205,1.34017,29.2057,23.1423,
40.305,1.3435,29.2284,23.2397,
40.405,1.34683,29.2508,23.3371,
40.505,1.35017,29.2728,23.4347,
40.605,1.3535,29.2945,23.5323,
40.705,1.35683,29.3159,23.63,
40.805,1.36017,29.337,23.7277,
40.905,1.3635,29.3577,23.8256,
41.005,1.36683,29.3782,23.9235,
41.105,1.37017,29.3982,24.0214,
41.205,1.3735,29.418,24.1194,
41.305,1.37683,29.4374,24.2175,
41.405,1.38017,29.4566,24.3157,
41.505,1.3835,29.4753,24.4139,
41.605,1.38683,29.4938,24.5122,
41.705,1.39017,29.5119,24.6105,
41.805,1.3935,29.5297,24.7089,
41.905,1.39683,29.5472,24.8074,
42.005,1.40017,29.5643,24.9059,
42.105,1.4035,29.5812,25.0045,
42.205,1.40683,29.5976,25.1031,
42.305,1.41017,29.6138,25.2018,
42.405,1.4135,29.6296,25.3005,
42.505,1.41683,29.6451,25.3993,
42.605,1.42017,29.6603,25.4982,
42.705,1.4235,29.6751,25.5971,
42.805,1.42683,29.6897,25.696,
42.905,1.43017,29.7038,25.795,
43.005,1.4335,29.7177,25.894,
43.105,1.43683,29.7312,25.9931,
43.205,1.44017,29.7444,26.0923,
43.305,1.4435,29.7573,26.1914,
43.405,1.44683,29.7698,26.2906,
43.505,1.45017,29.782,26.3899,
43.605,1.4535,29.7939,26.4892,
43.705,1.45683,29.8054,26.5885,
43.805,1.46017,29.8166,26.6879,
43.905,1.4635,29.8275,26.7873,
44.005,1.46683,29.838,26.8867,
44.105,1.47017,29.8482,26.9862,
44.205,1.4735,29.8581,27.0857,
44.305,1.47683,29.8677,27.1853,
44.405,1.48017,29.8769,27.2848,
44.505,1.4835,29.8858,27.3844,
44.605,1.48683,29.8943,27.4841,
44.705,1.49017,29.9025,27.5837,
44.805,1.4935,29.9104,27.6834,
44.905,1.49683,29.918,27.7831,
45.005,1.50017,29.9252,27.8829,
45.105,1.5035,29.9321,27.9826,
45.205,1.50683,29.9387,28.0824,
45.305,1.51017,29.9449,28.1822,
45.405,1.5135,29.9508,28.2821,
45.505,1.51683,29.9563,28.3819,
45.605,1.52017,29.9616,28.4818,
45.705,1.5235,29.9665,28.5816,
45.805,1.52683,29.971,28.6815,
45.905,1.53017,29.9752,28.7814,
46.005,1.5335,29.9791,28.8814,
46.105,1.53683,29.9827,28.9813,
46.205,1.54017,29.9859,29.0813,
46.305,1.5435,29.9888,29.1812,
46.405,1.54683,29.9914,29.2812,
46.505,1.55017,29.9936,29.3812,
46.605,1.5535,29.9955,29.4811,
46.705,1.55683,29.9971,29.5811,
46.805,1.56017,29.9983,29.6811,
46.905,1.5635,29.9992,29.7811,
47.005,1.56683,29.9998,29.8811,
47.105,1.57017,30,29.9811,
47.205,1.5735,29.9999,30.0811,
47.305,1.57683,29.9995,30.1811,
47.405,1.58017,29.9987,30.2811,
47.505,1.5835,29.9976,30.3811,
47.605,1.58683,29.9961,30.4811,
47.705,1.59017,29.9944,30.5811,
47.805,1.5935,29.9923,30.6811,
47.905,1.59683,29.9898,30.781,
48.005,1.60017,29.9871,30.881,
48.105,1.6035,29.984,30.9809,
48.205,1.60683,29.9805,31.0809,
48.305,1.61017,29.9768,31.1808,
48.405,1.6135,29.9727,31.2807,
48.505,1.61683,29.9682,31.3806,
48.605,1.62017,29.9634,31.4805,
48.705,1.6235,29.9583,31.5804,
48.805,1.62683,29.9529,31.6802,
48.905,1.63017,29.9471,31.7801,
49.005,1.6335,29.941,31.8799,
49.105,1.63683,29.9346,31.9797,
49.205,1.64017,29.9278,32.0794,
49.305,1.6435,29.9208,32.1792,
49.405,1.64683,29.9133,32.2789,
49.505,1.65017,29.9056,32.3786,
49.605,1.6535,29.8975,32.4783,
49.705,1.65683,29.889,32.5779,
49.805,1.66017,29.8803,32.6775,
49.905,1.6635,29.8712,32.7771,
50.005,1.66683,29.8618,32.8767,
50.105,1.67017,29.852,32.9762,
50.205,1.6735,29.8419,33.0757,
50.305,1.67683,29.8315,33.1752,
50.405,1.68017,29.8208,33.2746,
50.505,1.6835,29.8097,33.374,
50.605,1.68683,29.7983,33.4733,
50.705,1.69017,29.7865,33.5726,
50.805,1.6935,29.7744,33.6719,
50.905,1.69683,29.762,33.7711,
51.005,1.70017,29.7493,33.8703,
51.105,1.7035,29.7362,33.9694,
51.205,1.70683,29.7228,34.0685,
51.305,1.71017,29.7091,34.1676,
51.405,1.7135,29.6951,34.2666,
51.505,1.71683,29.6807,34.3656,
51.605,1.72017,29.666,34.4645,
51.705,1.7235,29.6509,34.5633,
51.805,1.72683,29.6355,34.6621,
51.905,1.73017,29.6198,34.7609,
52.005,1.7335,29.6038,34.8596,
52.105,1.73683,29.5874,34.9583,
52.205,1.74017,29.5707,35.0569,
52.305,1.7435,29.5537,35.1554,
52.405,1.74683,29.5364,35.2539,
52.505,1.75017,29.5187,35.3523,
52.605,1.7535,29.5007,35.4507,
52.705,1.75683,29.4824,35.549,
52.805,1.76017,29.4637,35.6472,
52.905,1.7635,29.4447,35.7454,
53.005,1.76683,29.4254,35.8435,
53.105,1.77017,29.4057,35.9416,
53.205,1.7735,29.3858,36.0396,
53.305,1.77683,29.3655,36.1375,
53.405,1.78017,29.3449,36.2353,
53.505,1.7835,29.3239,36.3331,
53.605,1.78683,29.3026,36.4308,
53.705,1.79017,29.281,36.5285,
53.805,1.7935,29.2591,36.626,
53.905,1.79683,29.2369,36.7235,
54.005,1.80017,29.2143,36.8209,
54.105,1.8035,29.1914,36.9183,
54.205,1.80683,29.1682,37.0155,
54.305,1.81017,29.1446,37.1127,
54.405,1.8135,29.1208,37.2098,
54.505,1.81683,29.0966,37.3069,
54.605,1.82017,29.072,37.4038,
54.705,1.8235,29.0472,37.5007,
54.805,1.82683,29.022,37.5975,
54.905,1.83017,28.9966,37.6942,
55.005,1.8335,28.9707,37.7908,
55.105,1.83683,28.9446,37.8873,
55.205,1.84017,28.9182,37.9837,
55.305,1.8435,28.8914,38.0801,
55.405,1.84683,28.8643,38.1763,
55.505,1.85017,28.8369,38.2725,
55.605,1.8535,28.8091,38.3686,
55.705,1.85683,28.7811,38.4646,
55.805,1.86017,28.7527,38.5605,
55.905,1.8635,28.724,38.6563,
56.005,1.86683,28.695,38.752,
56.105,1.87017,28.6657,38.8476,
56.205,1.8735,28.636,38.9431,
56.305,1.87683,28.6061,39.0385,
56.405,1.88017,28.5758,39.1338,
56.505,1.8835,28.5452,39.229,
56.605,1.88683,28.5142,39.3241,
56.705,1.89017,28.483,39.4191,
56.805,1.8935,28.4514,39.514,
56.905,1.89683,28.4196,39.6087,
57.005,1.90017,28.3874,39.7034,
57.105,1.9035,28.3549,39.798,
57.205,1.90683,28.3221,39.8924,
57.305,1.91017,28.2889,39.9868,
57.405,1.9135,28.2555,40.081,
57.505,1.91683,28.2217,40.1752,
57.605,1.92017,28.1877,40.2692,
57.705,1.9235,28.1533,40.3631,
57.805,1.92683,28.1186,40.4569,
57.905,1.93017,28.0836,40.5505,
58.005,1.9335,28.0482,40.6441,
58.105,1.93683,28.0126,40.7375,
58.205,1.94017,27.9766,40.8308,
58.305,1.9435,27.9404,40.924,
58.405,1.94683,27.9038,41.0171,
58.505,1.95017,27.8669,41.1101,
58.605,1.9535,27.8298,41.2029,
58.705,1.95683,27.7923,41.2956,
58.805,1.96017,27.7545,41.3882,
58.905,1.9635,27.7163,41.4806,
59.005,1.96683,27.6779,41.573,
59.105,1.97017,27.6392,41.6651,
59.205,1.9735,27.6001,41.7572,
59.305,1.97683,27.5608,41.8491,
59.405,1.98017,27.5212,41.941,
59.505,1.9835,27.4812,42.0326,
59.605,1.98683,27.4409,42.1242,
59.705,1.99017,27.4004,42.2156,
59.805,1.9935,27.3595,42.3068,
59.905,1.99683,27.3183,42.398,
60.005,2.00017,27.2768,42.4889,
60.105,2.0035,27.2351,42.5798,
60.205,2.00683,27.193,42.6705,
60.305,2.01017,27.1506,42.7611,
60.405,2.0135,27.1079,42.8515,
60.505,2.01683,27.0649,42.9418,
60.605,2.02017,27.0216,43.032,
60.705,2.0235,26.978,43.122,
60.805,2.02683,26.9341,43.2118,
60.905,2.03017,26.89,43.3015,
61.005,2.0335,26.8455,43.3911,
61.105,2.03683,26.8007,43.4805,
61.205,2.04017,26.7556,43.5697,
61.305,2.0435,26.7102,43.6589,
61.405,2.04683,26.6645,43.7478,
61.505,2.05017,26.6186,43.8366,
61.605,2.0535,26.5723,43.9253,
61.705,2.05683,26.5257,44.0138,
61.805,2.06017,26.4789,44.1021,
61.905,2.0635,26.4317,44.1903,
62.005,2.06683,26.3843,44.2783,
62.105,2.07017,26.3365,44.3662,
62.205,2.0735,26.2885,44.4539,
62.305,2.07683,26.2402,44.5414,
62.405,2.08017,26.1916,44.6288,
62.505,2.0835,26.1426,44.716,
62.605,2.08683,26.0934,44.8031,
62.705,2.09017,26.044,44.89,
62.805,2.0935,25.9942,44.9767,
62.905,2.09683,25.9441,45.0633,
63.005,2.10017,25.8938,45.1497,
63.105,2.1035,25.8431,45.2359,
63.205,2.10683,25.7922,45.322,
63.305,2.11017,25.741,45.4079,
63.405,2.1135,25.6895,45.4936,
63.505,2.11683,25.6377,45.5791,
63.605,2.12017,25.5856,45.6645,
63.705,2.1235,25.5332,45.7497,
63.805,2.12683,25.4806,45.8347,
63.905,2.13017,25.4277,45.9196,
64.005,2.1335,25.3745,46.0042,
64.105,2.13683,25.321,46.0887,
64.205,2.14017,25.2672,46.173,
64.305,2.1435,25.2132,46.2572,
64.405,2.14683,25.1588,46.3411,
64.505,2.15017,25.1042,46.4249,
64.605,2.1535,25.0493,46.5085,
64.705,2.15683,24.9942,46.5919,
64.805,2.16017,24.9387,46.6751,
64.905,2.1635,24.883,46.7582,
65.005,2.16683,24.827,46.841,
65.105,2.17017,24.7707,46.9237,
65.205,2.1735,24.7142,47.0061,
65.305,2.17683,24.6574,47.0884,
65.405,2.18017,24.6003,47.1705,
65.505,2.1835,24.5429,47.2524,
65.605,2.18683,24.4852,47.3341,
65.705,2.19017,24.4273,47.4157,
65.805,2.1935,24.3691,47.497,
65.905,2.19683,24.3107,47.5781,
66.005,2.20017,24.252,47.6591,
66.105,2.2035,24.193,47.7398,
66.205,2.20683,24.1337,47.8204,
66.305,2.21017,24.0742,47.9007,
66.405,2.2135,24.0143,47.9808,
66.505,2.21683,23.9543,48.0608,
66.605,2.22017,23.8939,48.1405,
66.705,2.2235,23.8333,48.2201,
66.805,2.22683,23.7725,48.2994,
66.905,2.23017,23.7113,48.3786,
67.005,2.2335,23.65,48.4575,
67.105,2.23683,23.5883,48.5362,
67.205,2.24017,23.5264,48.6148,
67.305,2.2435,23.4642,48.6931,
67.405,2.24683,23.4018,48.7712,
67.505,2.25017,23.3391,48.8491,
67.605,2.2535,23.2761,48.9268,
67.705,2.25683,23.2129,49.0043,
67.805,2.26017,23.1494,49.0815,
67.905,2.2635,23.0857,49.1586,
68.005,2.26683,23.0217,49.2354,
68.105,2.27017,22.9574,49.3121,
68.205,2.2735,22.8929,49.3885,
68.305,2.27683,22.8282,49.4647,
68.405,2.28017,22.7632,49.5407,
68.505,2.2835,22.6979,49.6164,
68.605,2.28683,22.6324,49.692,
68.705,2.29017,22.5666,49.7673,
68.805,2.2935,22.5006,49.8424,
68.905,2.29683,22.4343,49.9173,
69.005,2.30017,22.3678,49.992,
69.105,2.3035,22.3011,50.0664,
69.205,2.30683,22.2341,50.1407,
69.305,2.31017,22.1668,50.2147,
69.405,2.3135,22.0993,50.2885,
69.505,2.31683,22.0315,50.362,
69.605,2.32017,21.9635,50.4353,
69.705,2.3235,21.8953,50.5084,
69.805,2.32683,21.8268,50.5813,
69.905,2.33017,21.7581,50.6539,
70.005,2.3335,21.6891,50.7264,
70.105,2.33683,21.6199,50.7985,
70.205,2.34017,21.5505,50.8705,
70.305,2.3435,21.4808,50.9422,
70.405,2.34683,21.4109,51.0137,
70.505,2.35017,21.3407,51.0849,
70.605,2.3535,21.2703,51.156,
70.705,2.35683,21.1997,51.2267,
70.805,2.36017,21.1288,51.2973,
70.905,2.3635,21.0577,51.3676,
71.005,2.36683,20.9863,51.4377,
71.105,2.37017,20.9148,51.5075,
71.205,2.3735,20.8429,51.5771,
71.305,2.37683,20.7709,51.6465,
71.405,2.38017,20.6986,51.7156,
71.505,2.3835,20.6261,51.7845,
71.605,2.38683,20.5534,51.8531,
71.705,2.39017,20.4804,51.9215,
71.805,2.3935,20.4073,51.9896,
71.905,2.39683,20.3339,52.0575,
72.005,2.40017,20.2602,52.1252,
72.105,2.4035,20.1863,52.1926,
72.205,2.40683,20.1123,52.2598,
72.305,2.41017,20.038,52.3267,
72.405,2.4135,19.9634,52.3933,
72.505,2.41683,19.8887,52.4598,
72.605,2.42017,19.8137,52.5259,
72.705,2.4235,19.7385,52.5919,
72.805,2.42683,19.6631,52.6575,
72.905,2.43017,19.5874,52.7229,
73.005,2.4335,19.5116,52.7881,
73.105,2.43683,19.4355,52.853,
73.205,2.44017,19.3592,52.9177,
73.305,2.4435,19.2827,52.9821,
73.405,2.44683,19.206,53.0462,
73.505,2.45017,19.1291,53.1101,
73.605,2.4535,19.052,53.1738,
73.705,2.45683,18.9746,53.2371,
73.805,2.46017,18.897,53.3002,
73.905,2.4635,18.8193,53.3631,
74.005,2.46683,18.7413,53.4257,
74.105,2.47017,18.6631,53.488,
74.205,2.4735,18.5847,53.5501,
74.305,2.47683,18.5061,53.6119,
74.405,2.48017,18.4273,53.6735,
74.505,2.4835,18.3483,53.7348,
74.605,2.48683,18.2691,53.7958,
74.705,2.49017,18.1896,53.8566,
74.805,2.4935,18.11,53.9171,
74.905,2.49683,18.0302,53.9773,
75.005,2.50017,17.9502,54.0373,
75.105,2.5035,17.8699,54.097,
75.205,2.50683,17.7895,54.1564,
75.305,2.51017,17.7089,54.2156,
75.405,2.5135,17.6281,54.2745,
75.505,2.51683,17.5471,54.3331,
75.605,2.52017,17.4659,54.3915,
75.705,2.5235,17.3845,54.4495,
75.805,2.52683,17.3029,54.5074,
75.905,2.53017,17.2211,54.5649,
76.005,2.5335,17.1391,54.6222,
76.105,2.53683,17.0569,54.6792,
76.205,2.54017,16.9746,54.7359,
76.305,2.5435,16.892,54.7923,
76.405,2.54683,16.8093,54.8485,
76.505,2.55017,16.7264,54.9044,
76.605,2.5535,16.6433,54.96,
76.705,2.55683,16.56,55.0153,
76.805,2.56017,16.4765,55.0704,
76.905,2.5635,16.3928,55.1252,
77.005,2.56683,16.309,55.1797,
77.105,2.57017,16.225,55.2339,
77.205,2.5735,16.1408,55.2878,
77.305,2.57683,16.0564,55.3415,
77.405,2.58017,15.9718,55.3949,
77.505,2.5835,15.8871,55.448,
77.605,2.58683,15.8022,55.5008,
77.705,2.59017,15.7171,55.5533,
77.805,2.5935,15.6318,55.6056,
77.905,2.59683,15.5464,55.6575,
78.005,2.60017,15.4608,55.7092,
78.105,2.6035,15.375,55.7606,
78.205,2.60683,15.289,55.8117,
78.305,2.61017,15.2029,55.8625,
78.405,2.6135,15.1166,55.9131,
78.505,2.61683,15.0301,55.9633,
78.605,2.62017,14.9435,56.0133,
78.705,2.6235,14.8567,56.0629,
78.805,2.62683,14.7698,56.1123,
78.905,2.63017,14.6826,56.1614,
79.005,2.6335,14.5954,56.2102,
79.105,2.63683,14.5079,56.2587,
79.205,2.64017,14.4203,56.3069,
79.305,2.6435,14.3325,56.3548,
79.405,2.64683,14.2446,56.4025,
79.505,2.65017,14.1565,56.4498,
79.605,2.6535,14.0683,56.4969,
79.705,2.65683,13.9799,56.5436,
79.805,2.66017,13.8913,56.5901,
79.905,2.6635,13.8026,56.6362,
80.005,2.66683,13.7137,56.6821,
80.11,2.66667,13.7093,56.6844,
80.21,2.66333,13.6204,56.7302,
80.31,2.66,13.5317,56.7764,
80.41,2.65667,13.4432,56.8229,
80.51,2.65333,13.3548,56.8696,
80.61,2.65,13.2666,56.9167,
80.71,2.64667,13.1785,56.964,
80.81,2.64333,13.0906,57.0117,
80.91,2.64,13.0028,57.0596,
81.01,2.63667,12.9152,57.1078,
81.11,2.63333,12.8278,57.1564,
81.21,2.63,12.7405,57.2052,
81.31,2.62667,12.6534,57.2543,
81.41,2.62333,12.5664,57.3037,
81.51,2.62,12.4796,57.3533,
81.61,2.61667,12.393,57.4033,
81.71,2.61333,12.3066,57.4536,
81.81,2.61,12.2203,57.5041,
81.91,2.60667,12.1342,57.555,
82.01,2.60333,12.0482,57.6061,
82.11,2.6,11.9624,57.6575,
82.21,2.59667,11.8768,57.7092,
82.31,2.59333,11.7914,57.7612,
82.41,2.59,11.7061,57.8134,
82.51,2.58667,11.6211,57.866,
82.61,2.58333,11.5362,57.9188,
82.71,2.58,11.4514,57.9719,
82.81,2.57667,11.3669,58.0253,
82.91,2.57333,11.2825,58.079,
83.01,2.57,11.1983,58.1329,
83.11,2.56667,11.1143,58.1872,
83.21,2.56333,11.0305,58.2417,
83.31,2.56,10.9468,58.2965,
83.41,2.55667,10.8633,58.3516,
83.51,2.55333,10.7801,58.4069,
83.61,2.55,10.697,58.4625,
83.71,2.54667,10.614,58.5184,
83.81,2.54333,10.5313,58.5746,
83.91,2.54,10.4488,58.6311,
84.01,2.53667,10.3664,58.6878,
84.11,2.53333,10.2843,58.7448,
84.21,2.53,10.2023,58.8021,
84.31,2.52667,10.1205,58.8597,
84.41,2.52333,10.0389,58.9175,
84.51,2.52,9.95755,58.9756,
84.61,2.51667,9.87635,59.0339,
84.71,2.51333,9.79535,59.0926,
84.81,2.51,9.71454,59.1515,
84.91,2.50667,9.63393,59.2107,
85.01,2.50333,9.55352,59.2701,
85.11,2.5,9.4733,59.3298,
85.21,2.49667,9.39329,59.3898,
85.31,2.49333,9.31347,59.4501,
85.41,2.49,9.23386,59.5106,
85.51,2.48667,9.15445,59.5713,
85.61,2.48333,9.07524,59.6324,
85.71,2.48,8.99624,59.6937,
85.81,2.47667,8.91744,59.7553,
85.91,2.47333,8.83885,59.8171,
86.01,2.47,8.76046,59.8792,
86.11,2.46667,8.68228,59.9415,
86.21,2.46333,8.60431,60.0042,
86.31,2.46,8.52655,60.067,
86.41,2.45667,8.449,60.1302,
86.51,2.45333,8.37165,60.1936,
86.61,2.45,8.29453,60.2572,
86.71,2.44667,8.21761,60.3211,
86.81,2.44333,8.14091,60.3853,
86.91,2.44,8.06442,60.4497,
87.01,2.43667,7.98814,60.5144,
87.11,2.43333,7.91208,60.5793,
87.21,2.43,7.83624,60.6445,
87.31,2.42667,7.76062,60.7099,
87.41,2.42333,7.68522,60.7756,
87.51,2.42,7.61003,60.8415,
87.61,2.41667,7.53506,60.9077,
87.71,2.41333,7.46032,60.9741,
87.81,2.41,7.3858,61.0408,
87.91,2.40667,7.3115,61.1077,
88.01,2.40333,7.23742,61.1749,
88.11,2.4,7.16357,61.2423,
88.21,2.39667,7.08994,61.31,
88.31,2.39333,7.01654,61.3779,
88.41,2.39,6.94337,61.4461,
88.51,2.38667,6.87042,61.5145,
88.61,2.38333,6.79771,61.5831,
88.71,2.38,6.72522,61.652,
88.81,2.37667,6.65296,61.7211,
88.91,2.37333,6.58093,61.7905,
89.01,2.37,6.50913,61.8601,
89.11,2.36667,6.43757,61.93,
89.21,2.36333,6.36624,62,
89.31,2.36,6.29514,62.0704,
89.41,2.35667,6.22428,62.1409,
89.51,2.35333,6.15365,62.2117,
89.61,2.35,6.08327,62.2827,
89.71,2.34667,6.01311,62.354,
89.81,2.34333,5.9432,62.4255,
89.91,2.34,5.87352,62.4972,
90.01,2.33667,5.80409,62.5692,
90.11,2.33333,5.73489,62.6414,
90.21,2.33,5.66593,62.7138,
90.31,2.32667,5.59722,62.7865,
90.41,2.32333,5.52875,62.8594,
90.51,2.32,5.46052,62.9325,
90.61,2.31667,5.39254,63.0058,
90.71,2.31333,5.3248,63.0794,
90.81,2.31,5.25731,63.1532,
90.91,2.30667,5.19006,63.2272,
91.01,2.30333,5.12306,63.3014,
91.11,2.3,5.05631,63.3759,
91.21,2.29667,4.98981,63.4505,
91.31,2.29333,4.92355,63.5254,
91.41,2.29,4.85755,63.6006,
91.51,2.28667,4.79179,63.6759,
91.61,2.28333,4.72629,63.7515,
91.71,2.28,4.66104,63.8273,
91.81,2.27667,4.59605,63.9032,
91.91,2.27333,4.5313,63.9795,
92.01,2.27,4.46682,64.0559,
92.11,2.26667,4.40258,64.1325,
92.21,2.26333,4.33861,64.2094,
92.31,2.26,4.27489,64.2865,
92.41,2.25667,4.21142,64.3637,
92.51,2.25333,4.14822,64.4412,
92.61,2.25,4.08527,64.5189,
92.71,2.24667,4.02258,64.5968,
92.81,2.24333,3.96015,64.675,
92.91,2.24,3.89799,64.7533,
93.01,2.23667,3.83608,64.8318,
93.11,2.23333,3.77444,64.9106,
93.21,2.23,3.71306,64.9895,
93.31,2.22667,3.65194,65.0687,
93.41,2.22333,3.59109,65.148,
93.51,2.22,3.5305,65.2276,
93.61,2.21667,3.47018,65.3073,
93.71,2.21333,3.41012,65.3873,
93.81,2.21,3.35033,65.4674,
93.91,2.20667,3.29081,65.5478,
94.01,2.20333,3.23156,65.6284,
94.11,2.2,3.17257,65.7091,
94.21,2.19667,3.11386,65.7901,
94.31,2.19333,3.05541,65.8712,
94.41,2.19,2.99724,65.9525,
94.51,2.18667,2.93934,66.0341,
94.61,2.18333,2.8817,66.1158,
94.71,2.18,2.82435,66.1977,
94.81,2.17667,2.76726,66.2798,
94.91,2.17333,2.71045,66.3621,
95.01,2.17,2.65391,66.4446,
95.11,2.16667,2.59765,66.5273,
95.21,2.16333,2.54167,66.6101,
95.31,2.16,2.48596,66.6932,
95.41,2.15667,2.43053,66.7764,
95.51,2.15333,2.37538,66.8598,
95.61,2.15,2.3205,66.9434,
95.71,2.14667,2.2659,67.0272,
95.81,2.14333,2.21159,67.1112,
95.91,2.14,2.15755,67.1953,
96.01,2.13667,2.1038,67.2796,
96.11,2.13333,2.05032,67.3641,
96.21,2.13,1.99713,67.4488,
96.31,2.12667,1.94422,67.5337,
96.41,2.12333,1.89159,67.6187,
96.51,2.12,1.83925,67.7039,
96.61,2.11667,1.78719,67.7893,
96.71,2.11333,1.73542,67.8748,
96.81,2.11,1.68393,67.9606,
96.91,2.10667,1.63273,68.0465,
97.01,2.10333,1.58181,68.1325,
97.11,2.1,1.53118,68.2188,
97.21,2.09667,1.48084,68.3052,
97.31,2.09333,1.43079,68.3917,
97.41,2.09,1.38103,68.4785,
97.51,2.08667,1.33155,68.5654,
97.61,2.08333,1.28237,68.6524,
97.71,2.08,1.23348,68.7397,
97.81,2.07667,1.18487,68.8271,
97.91,2.07333,1.13656,68.9146,
98.01,2.07,1.08854,69.0023,
98.11,2.06667,1.04082,69.0902,
98.21,2.06333,0.993384,69.1783,
98.31,2.06,0.946245,69.2664,
98.41,2.05667,0.899399,69.3548,
98.51,2.05333,0.852849,69.4433,
98.61,2.05,0.806594,69.532,
98.71,2.04667,0.760635,69.6208,
98.81,2.04333,0.714972,69.7097,
98.91,2.04,0.669606,69.7989,
99.01,2.03667,0.624537,69.8881,
99.11,2.03333,0.579766,69.9775,
99.21,2.03,0.535293,70.0671,
99.31,2.02667,0.491119,70.1568,
99.41,2.02333,0.447245,70.2467,
99.51,2.02,0.40367,70.3367,
99.61,2.01667,0.360395,70.4268,
99.71,2.01333,0.317421,70.5171,
99.81,2.01,0.274749,70.6076,
99.91,2.00667,0.232378,70.6982,
100.01,2.00333,0.190309,70.7889,
100.11,2,0.148543,70.8797,
100.21,1.99667,0.10708,70.9707,
100.31,1.99333,0.0659203,71.0619,
100.41,1.99,0.0250648,71.1531,
100.51,1.98667,-0.0154862,71.2446,
100.61,1.98333,-0.0557323,71.3361,
100.71,1.98,-0.095673,71.4278,
100.81,1.97667,-0.135308,71.5196,
100.91,1.97333,-0.174637,71.6115,
101.01,1.97,-0.213659,71.7036,
101.11,1.96667,-0.252373,71.7958,
101.21,1.96333,-0.290781,71.8881,
101.31,1.96,-0.32888,71.9806,
101.41,1.95667,-0.366671,72.0732,
101.51,1.95333,-0.404153,72.1659,
101.61,1.95,-0.441326,72.2587,
101.71,1.94667,-0.478189,72.3517,
101.81,1.94333,-0.514742,72.4448,
101.91,1.94,-0.550985,72.538,
102.01,1.93667,-0.586916,72.6313,
102.11,1.93333,-0.622537,72.7247,
102.21,1.93,-0.657846,72.8183,
102.31,1.92667,-0.692842,72.912,
102.41,1.92333,-0.727527,73.0057,
102.51,1.92,-0.761898,73.0997,
102.61,1.91667,-0.795956,73.1937,
102.71,1.91333,-0.829701,73.2878,
102.81,1.91,-0.863132,73.3821,
102.91,1.90667,-0.896248,73.4764,
103.01,1.90333,-0.92905,73.5709,
103.11,1.9,-0.961536,73.6655,
103.21,1.89667,-0.993707,73.7601,
103.31,1.89333,-1.02556,73.8549,
103.41,1.89,-1.0571,73.9498,
103.51,1.88667,-1.08832,74.0448,
103.61,1.88333,-1.11923,74.1399,
103.71,1.88,-1.14982,74.2351,
103.81,1.87667,-1.18009,74.3304,
103.91,1.87333,-1.21004,74.4259,
104.01,1.87,-1.23968,74.5214,
104.11,1.86667,-1.269,74.617,
104.21,1.86333,-1.29799,74.7127,
104.31,1.86,-1.32667,74.8085,
104.41,1.85667,-1.35503,74.9044,
104.51,1.85333,-1.38307,75.0004,
104.61,1.85,-1.41079,75.0964,
104.71,1.84667,-1.43819,75.1926,
104.81,1.84333,-1.46527,75.2889,
104.91,1.84,-1.49202,75.3852,
105.01,1.83667,-1.51846,75.4817,
105.11,1.83333,-1.54457,75.5782,
105.21,1.83,-1.57036,75.6748,
105.31,1.82667,-1.59583,75.7715,
105.41,1.82333,-1.62098,75.8683,
105.51,1.82,-1.64581,75.9652,
105.61,1.81667,-1.67031,76.0621,
105.71,1.81333,-1.69449,76.1592,
105.81,1.81,-1.71834,76.2563,
105.91,1.80667,-1.74187,76.3535,
106.01,1.80333,-1.76508,76.4507,
106.11,1.8,-1.78796,76.5481,
106.21,1.79667,-1.81052,76.6455,
106.31,1.79333,-1.83275,76.743,
106.41,1.79,-1.85466,76.8406,
106.51,1.78667,-1.87624,76.9382,
106.61,1.78333,-1.8975,77.0359,
106.71,1.78,-1.91843,77.1337,
106.81,1.77667,-1.93904,77.2316,
106.91,1.77333,-1.95931,77.3295,
107.01,1.77,-1.97927,77.4275,
107.11,1.76667,-1.99889,77.5255,
107.21,1.76333,-2.01819,77.6237,
107.31,1.76,-2.03716,77.7218,
107.41,1.75667,-2.05581,77.8201,
107.51,1.75333,-2.07412,77.9184,
107.61,1.75,-2.09211,78.0168,
107.71,1.74667,-2.10977,78.1152,
107.81,1.74333,-2.1271,78.2137,
107.91,1.74,-2.14411,78.3122,
108.01,1.73667,-2.16078,78.4108,
108.11,1.73333,-2.17713,78.5095,
108.21,1.73,-2.19315,78.6082,
108.31,1.72667,-2.20884,78.7069,
108.41,1.72333,-2.2242,78.8058,
108.51,1.72,-2.23922,78.9046,
108.61,1.71667,-2.25393,79.0035,
108.71,1.71333,-2.2683,79.1025,
108.81,1.71,-2.28234,79.2015,
108.91,1.70667,-2.29605,79.3006,
109.01,1.70333,-2.30943,79.3997,
109.11,1.7,-2.32248,79.4988,
109.21,1.69667,-2.3352,79.598,
109.31,1.69333,-2.34758,79.6972,
109.41,1.69,-2.35964,79.7965,
109.51,1.68667,-2.37137,79.8958,
109.61,1.68333,-2.38276,79.9952,
109.71,1.68,-2.39383,80.0945,
109.81,1.67667,-2.40456,80.194,
109.91,1.67333,-2.41496,80.2934,
110.01,1.67,-2.42503,80.3929,
110.11,1.66667,-2.43477,80.4924,
110.21,1.66333,-2.44418,80.592,
110.31,1.66,-2.45325,80.6916,
110.41,1.65667,-2.46199,80.7912,
110.51,1.65333,-2.4704,80.8908,
110.61,1.65,-2.47848,80.9905,
110.71,1.64667,-2.48623,81.0902,
110.81,1.64333,-2.49364,81.1899,
110.91,1.64,-2.50072,81.2897,
111.01,1.63667,-2.50747,81.3895,
111.11,1.63333,-2.51389,81.4893,
111.21,1.63,-2.51997,81.5891,
111.31,1.62667,-2.52572,81.6889,
111.41,1.62333,-2.53114,81.7888,
111.51,1.62,-2.53622,81.8886,
111.61,1.61667,-2.54097,81.9885,
111.71,1.61333,-2.54539,82.0884,
111.81,1.61,-2.54948,82.1883,
111.91,1.60667,-2.55323,82.2883,
112.01,1.60333,-2.55665,82.3882,
112.11,1.6,-2.55974,82.4882,
112.21,1.59667,-2.56249,82.5881,
112.31,1.59333,-2.56491,82.6881,
112.41,1.59,-2.567,82.7881,
112.51,1.58667,-2.56875,82.8881,
112.61,1.58333,-2.57017,82.988,
112.71,1.58,-2.57126,83.088,
112.81,1.57667,-2.57201,83.188,
112.91,1.57333,-2.57243,83.288,
113.01,1.57,-2.57252,83.388,
113.11,1.56667,-2.57227,83.488,
113.21,1.56333,-2.57169,83.588,
113.31,1.56,-2.57078,83.688,
113.41,1.55667,-2.56954,83.788,
113.51,1.55333,-2.56796,83.888,
113.61,1.55,-2.56604,83.988,
113.71,1.54667,-2.5638,84.088,
113.81,1.54333,-2.56122,84.1879,
113.91,1.54,-2.5583,84.2879,
114.01,1.53667,-2.55506,84.3878,
114.11,1.53333,-2.55148,84.4878,
114.21,1.53,-2.54757,84.5877,
114.31,1.52667,-2.54332,84.6876,
114.41,1.52333,-2.53874,84.7875,
114.51,1.52,-2.53383,84.8874,
114.61,1.51667,-2.52859,84.9872,
114.71,1.51333,-2.52301,85.0871,
114.81,1.51,-2.5171,85.1869,
114.91,1.50667,-2.51086,85.2867,
115.01,1.50333,-2.50429,85.3865,
115.11,1.5,-2.49738,85.4863,
115.21,1.49667,-2.49014,85.586,
115.31,1.49333,-2.48257,85.6857,
115.41,1.49,-2.47466,85.7854,
115.51,1.48667,-2.46642,85.8851,
115.61,1.48333,-2.45786,85.9847,
115.71,1.48,-2.44895,86.0843,
115.81,1.47667,-2.43972,86.1839,
115.91,1.47333,-2.43016,86.2834,
116.01,1.47,-2.42026,86.3829,
116.11,1.46667,-2.41003,86.4824,
116.21,1.46333,-2.39947,86.5818,
116.31,1.46,-2.38858,86.6812,
116.41,1.45667,-2.37736,86.7806,
116.51,1.45333,-2.3658,86.8799,
116.61,1.45,-2.35392,86.9792,
116.71,1.44667,-2.3417,87.0785,
116.81,1.44333,-2.32916,87.1777,
116.91,1.44,-2.31628,87.2769,
117.01,1.43667,-2.30307,87.376,
117.11,1.43333,-2.28953,87.4751,
117.21,1.43,-2.27567,87.5741,
117.31,1.42667,-2.26147,87.6731,
117.41,1.42333,-2.24694,87.772,
117.51,1.42,-2.23208,87.8709,
117.61,1.41667,-2.21689,87.9697,
117.71,1.41333,-2.20138,88.0685,
117.81,1.41,-2.18553,88.1673,
117.91,1.40667,-2.16936,88.266,
118.01,1.40333,-2.15285,88.3646,
118.11,1.4,-2.13602,88.4632,
118.21,1.39667,-2.11886,88.5617,
118.31,1.39333,-2.10137,88.6601,
118.41,1.39,-2.08355,88.7585,
118.51,1.38667,-2.06541,88.8569,
118.61,1.38333,-2.04694,88.9552,
118.71,1.38,-2.02814,89.0534,
118.81,1.37667,-2.00901,89.1515,
118.91,1.37333,-1.98955,89.2496,
119.01,1.37,-1.96977,89.3476,
119.11,1.36667,-1.94966,89.4456,
119.21,1.36333,-1.92923,89.5435,
119.31,1.36,-1.90847,89.6413,
119.41,1.35667,-1.88738,89.7391,
119.51,1.35333,-1.86597,89.8367,
119.61,1.35,-1.84423,89.9343,
119.71,1.34667,-1.82217,90.0319,
119.81,1.34333,-1.79978,90.1293,
119.91,1.34,-1.77707,90.2267,
120.01,1.33667,-1.75403,90.324,
120.11,1.33333,-1.73067,90.4213,
120.21,1.33,-1.70698,90.5184,
120.31,1.32667,-1.68297,90.6155,
120.41,1.32333,-1.65864,90.7125,
120.51,1.32,-1.63398,90.8094,
120.61,1.31667,-1.609,90.9062,
120.71,1.31333,-1.5837,91.003,
120.81,1.31,-1.55808,91.0996,
120.91,1.30667,-1.53213,91.1962,
121.01,1.30333,-1.50586,91.2927,
121.11,1.3,-1.47927,91.3891,
121.21,1.29667,-1.45236,91.4854,
121.31,1.29333,-1.42513,91.5816,
121.41,1.29,-1.39758,91.6778,
121.51,1.28667,-1.36971,91.7738,
121.61,1.28333,-1.34152,91.8698,
121.71,1.28,-1.31301,91.9656,
121.81,1.27667,-1.28417,92.0614,
121.91,1.27333,-1.25502,92.157,
122.01,1.27,-1.22556,92.2526,
122.11,1.26667,-1.19577,92.348,
122.21,1.26333,-1.16566,92.4434,
122.31,1.26,-1.13524,92.5387,
122.41,1.25667,-1.1045,92.6338,
122.51,1.25333,-1.07344,92.7289,
122.61,1.25,-1.04207,92.8238,
122.71,1.24667,-1.01038,92.9187,
122.81,1.24333,-0.978371,93.0134,
122.91,1.24,-0.946049,93.108,
123.01,1.23667,-0.913412,93.2026,
123.11,1.23333,-0.88046,93.297,
123.21,1.23,-0.847193,93.3913,
123.31,1.22667,-0.813613,93.4855,
123.41,1.22333,-0.779718,93.5795,
123.51,1.22,-0.74551,93.6735,
123.61,1.21667,-0.710989,93.7674,
123.71,1.21333,-0.676155,93.8611,
123.81,1.21,-0.641009,93.9547,
123.91,1.20667,-0.605552,94.0482,
124.01,1.20333,-0.569782,94.1416,
124.11,1.2,-0.533702,94.2349,
124.21,1.19667,-0.497311,94.328,
124.31,1.19333,-0.46061,94.421,
124.41,1.19,-0.423598,94.5139,
124.51,1.18667,-0.386278,94.6067,
124.61,1.18333,-0.348648,94.6994,
124.71,1.18,-0.31071,94.7919,
124.81,1.17667,-0.272463,94.8843,
124.91,1.17333,-0.233909,94.9766,
125.01,1.17,-0.195047,95.0687,
125.11,1.16667,-0.155879,95.1607,
125.21,1.16333,-0.116404,95.2526,
125.31,1.16,-0.0766227,95.3443,
125.41,1.15667,-0.036536,95.4359,
125.51,1.15333,0.00385584,95.5274,
125.61,1.15,0.0445524,95.6188,
125.71,1.14667,0.0855532,95.71,
125.81,1.14333,0.126858,95.801,
125.91,1.14,0.168466,95.892,
126.01,1.13667,0.210377,95.9828,
126.11,1.13333,0.25259,96.0734,
126.21,1.13,0.295105,96.1639,
126.31,1.12667,0.337922,96.2543,
126.41,1.12333,0.381039,96.3445,
126.51,1.12,0.424457,96.4346,
126.61,1.11667,0.468175,96.5246,
126.71,1.11333,0.512193,96.6143,
126.81,1.11,0.55651,96.704,
126.91,1.10667,0.601125,96.7935,
127.01,1.10333,0.646039,96.8828,
127.11,1.1,0.69125,96.972,
127.21,1.09667,0.736758,97.0611,
127.31,1.09333,0.782562,97.15,
127.41,1.09,0.828663,97.2387,
127.51,1.08667,0.875059,97.3273,
127.61,1.08333,0.921751,97.4157,
127.71,1.08,0.968736,97.504,
127.81,1.07667,1.01602,97.5921,
127.91,1.07333,1.06359,97.6801,
128.01,1.07,1.11146,97.7679,
128.11,1.06667,1.15961,97.8555,
128.21,1.06333,1.20806,97.943,
128.31,1.06,1.25681,98.0303,
128.41,1.05667,1.30584,98.1175,
128.51,1.05333,1.35516,98.2044,
128.61,1.05,1.40477,98.2913,
128.71,1.04667,1.45468,98.3779,
128.81,1.04333,1.50487,98.4644,
128.91,1.04,1.55534,98.5507,
129.01,1.03667,1.60611,98.6369,
129.11,1.03333,1.65716,98.7229,
129.21,1.03,1.7085,98.8087,
129.31,1.02667,1.76013,98.8944,
129.41,1.02333,1.81204,98.9798,
129.51,1.02,1.86423,99.0651,
129.61,1.01667,1.91671,99.1502,
129.71,1.01333,1.96947,99.2352,
129.81,1.01,2.02251,99.32,
129.91,1.00667,2.07584,99.4046,
130.01,1.00333,2.12945,99.489,
130.11,1,2.18334,99.5732,
130.21,0.996667,2.23751,99.6573,
130.31,0.993333,2.29196,99.7411,
130.41,0.99,2.34669,99.8248,
130.51,0.986667,2.4017,99.9083,
130.61,0.983333,2.45699,99.9917,
130.71,0.98,2.51255,100.075,
130.81,0.976667,2.56839,100.158,
130.91,0.973333,2.62451,100.241,
131.01,0.97,2.6809,100.323,
131.11,0.966667,2.73757,100.406,
131.21,0.963333,2.79451,100.488,
131.31,0.96,2.85172,100.57,
131.41,0.956667,2.90921,100.652,
131.51,0.953333,2.96697,100.733,
131.61,0.95,3.02501,100.815,
131.71,0.946667,3.08331,100.896,
131.81,0.943333,3.14188,100.977,
131.91,0.94,3.20073,101.058,
132.01,0.936667,3.25984,101.138,
132.11,0.933333,3.31922,101.219,
132.21,0.93,3.37887,101.299,
132.31,0.926667,3.43879,101.379,
132.41,0.923333,3.49897,101.459,
132.51,0.92,3.55942,101.539,
132.61,0.916667,3.62014,101.618,
132.71,0.913333,3.68111,101.697,
132.81,0.91,3.74236,101.777,
132.91,0.906667,3.80386,101.855,
133.01,0.903333,3.86563,101.934,
133.11,0.9,3.92766,102.012,
133.21,0.896667,3.98995,102.091,
133.31,0.893333,4.05251,102.169,
133.41,0.89,4.11532,102.247,
133.51,0.886667,4.17839,102.324,
133.61,0.883333,4.24172,102.401,
133.71,0.88,4.3053,102.479,
133.81,0.876667,4.36915,102.556,
133.91,0.873333,4.43325,102.632,
134.01,0.87,4.4976,102.709,
134.11,0.866667,4.56221,102.785,
134.21,0.863333,4.62708,102.861,
134.31,0.86,4.69219,102.937,
134.41,0.856667,4.75756,103.013,
134.51,0.853333,4.82318,103.088,
134.61,0.85,4.88906,103.164,
134.71,0.846667,4.95518,103.239,
134.81,0.843333,5.02155,103.313,
134.91,0.84,5.08818,103.388,
135.01,0.836667,5.15505,103.462,
135.11,0.833333,5.22216,103.537,
135.21,0.83,5.28953,103.61,
135.31,0.826667,5.35714,103.684,
135.41,0.823333,5.42499,103.758,
135.51,0.82,5.49309,103.831,
135.61,0.816667,5.56144,103.904,
135.71,0.813333,5.63003,103.977,
135.81,0.81,5.69885,104.049,
135.91,0.806667,5.76792,104.121,
136.01,0.803333,5.83724,104.193,
136.11,0.8,5.90679,104.265,
136.21,0.796667,5.97658,104.337,
136.31,0.793333,6.04661,104.408,
136.41,0.79,6.11687,104.479,
136.51,0.786667,6.18737,104.55,
136.61,0.783333,6.25811,104.621,
136.71,0.78,6.32909,104.692,
136.81,0.776667,6.4003,104.762,
136.91,0.773333,6.47174,104.832,
137.01,0.77,6.54341,104.901,
137.11,0.766667,6.61532,104.971,
137.21,0.763333,6.68746,105.04,
137.31,0.76,6.75983,105.109,
137.41,0.756667,6.83242,105.178,
137.51,0.753333,6.90525,105.247,
137.61,0.75,6.97831,105.315,
137.71,0.746667,7.05159,105.383,
137.81,0.743333,7.1251,105.451,
137.91,0.74,7.19883,105.518,
138.01,0.736667,7.27279,105.586,
138.11,0.733333,7.34697,105.653,
138.21,0.73,7.42138,105.719,
138.31,0.726667,7.49601,105.786,
138.41,0.723333,7.57086,105.852,
138.51,0.72,7.64593,105.918,
138.61,0.716667,7.72122,105.984,
138.71,0.713333,7.79673,106.05,
138.81,0.71,7.87246,106.115,
138.91,0.706667,7.9484,106.18,
139.01,0.703333,8.02456,106.245,
139.11,0.7,8.10094,106.309,
139.21,0.696667,8.17753,106.374,
139.31,0.693333,8.25433,106.438,
139.41,0.69,8.33135,106.502,
139.51,0.686667,8.40858,106.565,
139.61,0.683333,8.48603,106.628,
139.71,0.68,8.56368,106.691,
139.81,0.676667,8.64154,106.754,
139.91,0.673333,8.71961,106.817,
140.01,0.67,8.79789,106.879,
140.11,0.666667,8.87637,106.941,
140.21,0.663333,8.95507,107.002,
140.31,0.66,9.03396,107.064,
140.41,0.656667,9.11306,107.125,
140.51,0.653333,9.19237,107.186,
140.61,0.65,9.27188,107.247,
140.71,0.646667,9.35159,107.307,
140.81,0.643333,9.4315,107.367,
140.91,0.64,9.51161,107.427,
141.01,0.636667,9.59191,107.487,
141.11,0.633333,9.67242,107.546,
141.21,0.63,9.75313,107.605,
141.31,0.626667,9.83403,107.664,
141.41,0.623333,9.91512,107.722,
141.51,0.62,9.99641,107.78,
141.61,0.616667,10.0779,107.838,
141.71,0.613333,10.1596,107.896,
141.81,0.61,10.2414,107.954,
141.91,0.606667,10.3235,108.011,
142.01,0.603333,10.4058,108.068,
142.11,0.6,10.4882,108.124,
142.21,0.596667,10.5708,108.181,
142.31,0.593333,10.6536,108.237,
142.41,0.59,10.7366,108.292,
142.51,0.586667,10.8198,108.348,
142.61,0.583333,10.9032,108.403,
142.71,0.58,10.9868,108.458,
142.81,0.576667,11.0705,108.513,
142.91,0.573333,11.1544,108.567,
143.01,0.57,11.2385,108.621,
143.11,0.566667,11.3228,108.675,
143.21,0.563333,11.4072,108.729,
143.31,0.56,11.4919,108.782,
143.41,0.556667,11.5767,108.835,
143.51,0.553333,11.6617,108.887,
143.61,0.55,11.7469,108.94,
143.71,0.546667,11.8322,108.992,
143.81,0.543333,11.9177,109.044,
143.91,0.54,12.0034,109.095,
144.01,0.536667,12.0892,109.147,
144.11,0.533333,12.1753,109.198,
144.21,0.53,12.2615,109.248,
144.31,0.526667,12.3478,109.299,
144.41,0.523333,12.4344,109.349,
144.51,0.52,12.5211,109.399,
144.61,0.516667,12.6079,109.448,
144.71,0.513333,12.695,109.498,
144.81,0.51,12.7821,109.546,
144.91,0.506667,12.8695,109.595,
145.01,0.503333,12.957,109.644,
145.11,0.5,13.0447,109.692,
145.21,0.496667,13.1325,109.739,
145.31,0.493333,13.2205,109.787,
145.41,0.49,13.3087,109.834,
145.51,0.486667,13.397,109.881,
145.61,0.483333,13.4855,109.928,
145.71,0.48,13.5741,109.974,
145.81,0.476667,13.6629,110.02,
145.91,0.473333,13.7518,110.066,
146.01,0.47,13.8409,110.111,
146.11,0.466667,13.9301,110.156,
146.21,0.463333,14.0195,110.201,
146.31,0.46,14.109,110.246,
146.41,0.456667,14.1987,110.29,
146.51,0.453333,14.2885,110.334,
146.61,0.45,14.3785,110.378,
146.71,0.446667,14.4686,110.421,
146.81,0.443333,14.5589,110.464,
146.91,0.44,14.6493,110.507,
147.01,0.436667,14.7398,110.549,
147.11,0.433333,14.8305,110.591,
147.21,0.43,14.9213,110.633,
147.31,0.426667,15.0123,110.675,
147.41,0.423333,15.1034,110.716,
147.51,0.42,15.1947,110.757,
147.61,0.416667,15.286,110.797,
147.71,0.413333,15.3775,110.838,
147.81,0.41,15.4692,110.878,
147.91,0.406667,15.561,110.917,
148.01,0.403333,15.6529,110.957,
148.11,0.4,15.7449,110.996,
148.21,0.396667,15.8371,111.035,
148.31,0.393333,15.9294,111.073,
148.41,0.39,16.0218,111.111,
148.51,0.386667,16.1144,111.149,
148.61,0.383333,16.207,111.187,
148.71,0.38,16.2999,111.224,
148.81,0.376667,16.3928,111.261,
148.91,0.373333,16.4858,111.298,
149.01,0.37,16.579,111.334,
149.11,0.366667,16.6723,111.37,
149.21,0.363333,16.7657,111.406,
149.31,0.36,16.8592,111.441,
149.41,0.356667,16.9529,111.476,
149.51,0.353333,17.0467,111.511,
149.61,0.35,17.1405,111.545,
149.71,0.346667,17.2345,111.579,
149.81,0.343333,17.3286,111.613,
149.91,0.34,17.4229,111.647,
150.01,0.336667,17.5172,111.68,
150.11,0.333333,17.6116,111.713,
150.21,0.33,17.7062,111.745,
150.31,0.326667,17.8008,111.778,
150.41,0.323333,17.8956,111.81,
150.51,0.32,17.9905,111.841,
150.61,0.316667,18.0854,111.872,
150.71,0.313333,18.1805,111.903,
150.81,0.31,18.2757,111.934,
150.91,0.306667,18.371,111.964,
151.01,0.303333,18.4664,111.995,
151.11,0.3,18.5619,112.024,
151.21,0.296667,18.6574,112.054,
151.31,0.293333,18.7531,112.083,
151.41,0.29,18.8489,112.111,
151.51,0.286667,18.9448,112.14,
151.61,0.283333,19.0407,112.168,
151.71,0.28,19.1368,112.196,
151.81,0.276667,19.2329,112.223,
151.91,0.273333,19.3292,112.25,
152.01,0.27,19.4255,112.277,
152.11,0.266667,19.5219,112.304,
152.21,0.263333,19.6185,112.33,
152.31,0.26,19.715,112.356,
152.41,0.256667,19.8117,112.381,
152.51,0.253333,19.9085,112.407,
152.61,0.25,20.0053,112.432,
152.71,0.246667,20.1023,112.456,
152.81,0.243333,20.1993,112.48,
152.91,0.24,20.2964,112.504,
153.01,0.236667,20.3936,112.528,
153.11,0.233333,20.4908,112.551,
153.21,0.23,20.5881,112.574,
153.31,0.226667,20.6855,112.597,
153.41,0.223333,20.783,112.619,
153.51,0.22,20.8806,112.641,
153.61,0.216667,20.9782,112.663,
153.71,0.213333,21.0759,112.684,
153.81,0.21,21.1737,112.705,
153.91,0.206667,21.2715,112.726,
154.01,0.203333,21.3694,112.746,
154.11,0.2,21.4674,112.766,
154.21,0.196667,21.5654,112.786,
154.31,0.193333,21.6635,112.805,
154.41,0.19,21.7617,112.824,
154.51,0.186667,21.8599,112.843,
154.61,0.183333,21.9582,112.861,
154.71,0.18,22.0566,112.879,
154.81,0.176667,22.155,112.897,
154.91,0.173333,22.2535,112.915,
155.01,0.17,22.352,112.932,
155.11,0.166667,22.4506,112.948,
155.21,0.163333,22.5492,112.965,
155.31,0.16,22.6479,112.981,
155.41,0.156667,22.7467,112.997,
155.51,0.153333,22.8455,113.012,
155.61,0.15,22.9443,113.027,
155.71,0.146667,23.0432,113.042,
155.81,0.143333,23.1422,113.056,
155.91,0.14,23.2412,113.071,
156.01,0.136667,23.3402,113.084,
156.11,0.133333,23.4393,113.098,
156.21,0.13,23.5384,113.111,
156.31,0.126667,23.6376,113.124,
156.41,0.123333,23.7368,113.136,
156.51,0.12,23.8361,113.148,
156.61,0.116667,23.9354,113.16,
156.71,0.113333,24.0347,113.172,
156.81,0.11,24.1341,113.183,
156.91,0.106667,24.2335,113.194,
157.01,0.103333,24.333,113.204,
157.11,0.1,24.4325,113.214,
157.21,0.0966667,24.532,113.224,
157.31,0.0933333,24.6315,113.234,
157.41,0.09,24.7311,113.243,
157.51,0.0866667,24.8307,113.252,
157.61,0.0833333,24.9304,113.26,
157.71,0.08,25.03,113.268,
157.81,0.0766667,25.1297,113.276,
157.91,0.0733333,25.2294,113.284,
158.01,0.07,25.3292,113.291,
158.11,0.0666667,25.4289,113.297,
158.21,0.0633333,25.5287,113.304,
158.31,0.06,25.6285,113.31,
158.41,0.0566667,25.7284,113.316,
158.51,0.0533333,25.8282,113.321,
158.61,0.05,25.9281,113.327,
158.71,0.0466667,26.028,113.331,
158.81,0.0433333,26.1279,113.336,
158.91,0.04,26.2278,113.34,
159.01,0.0366667,26.3277,113.344,
159.11,0.0333333,26.4276,113.347,
159.21,0.03,26.5276,113.351,
159.31,0.0266667,26.6276,113.353,
159.41,0.0233333,26.7275,113.356,
159.51,0.02,26.8275,113.358,
159.61,0.0166667,26.9275,113.36,
159.71,0.0133333,27.0275,113.361,
159.81,0.01,27.1275,113.363,
159.91,0.00666667,27.2275,113.363,
160.01,0.00333333,27.3275,113.364,
160.11,9.57567e-16,27.4275,113.364,
