0.005,0.801243,0.238366,0.328343,1.0027,0.498674,0.533362,
0.105,0.803865,-0.16758,0.326863,1.02749,0.094851,0.527939,
0.205,0.770053,-0.481541,0.319706,1.0207,-0.195486,0.527117,
0.305,0.70213,-0.715151,0.296255,0.99006,-0.403216,0.517795,
0.405,0.601541,-0.865605,0.252068,0.940286,-0.532304,0.493412,
0.505,0.475786,-0.937055,0.192597,0.878817,-0.585305,0.454381,
0.605,0.338572,-0.95049,0.131512,0.814574,-0.573477,0.406997,
0.705,0.202055,-0.931609,0.0806314,0.755226,-0.514499,0.358963,
0.805,0.0724841,-0.898162,0.044734,0.705397,-0.425335,0.315548,
0.905,-0.0482678,-0.859933,0.0237153,0.667147,-0.317793,0.279113,
1.005,-0.160443,-0.822159,0.0129438,0.64118,-0.199095,0.250279,
1.105,-0.265123,-0.787858,0.00720243,0.627692,-0.0735246,0.228973,
1.205,-0.363694,-0.759044,0.0040499,0.626821,0.0563247,0.215053,
1.305,-0.457671,-0.737354,0.00229107,0.638869,0.188804,0.208656,
1.405,-0.548015,-0.723876,0.00130061,0.64515,0.322752,0.208109,
1.505,-0.610761,-0.716464,0.000739814,0.64515,0.452774,0.208109,
1.605,-0.640689,-0.71237,0.000421329,0.64515,0.552243,0.208109,
1.705,-0.64515,-0.710095,0.000240114,0.64515,0.616187,0.208109,
1.805,-0.64515,-0.708826,0.000136883,0.64515,0.655149,0.208109,
1.905,-0.64515,-0.708117,7.80296e-05,0.64515,0.677954,0.208109,
2.005,-0.64515,-0.707721,4.4495e-05,0.64515,0.69095,0.208109,
2.105,-0.64515,-0.7075,2.53829e-05,0.64515,0.698232,0.208109,
2.205,-0.64515,-0.707376,1.44821e-05,0.64515,0.702271,0.208109,
2.305,-0.64515,-0.707307,8.26467e-06,0.64515,0.7045,0.208109,
2.405,-0.64515,-0.707268,4.71574e-06,0.64515,0.705726,0.208109,
2.505,-0.64515,-0.707246,2.69132e-06,0.64515,0.7064,0.208109,
2.605,-0.64515,-0.707234,1.53439e-06,0.64515,0.70677,0.208109,
2.705,-0.64515,-0.707227,8.72148e-07,0.64515,0.706974,0.208109,
2.805,-0.64515,-0.707224,5.05168e-07,0.64515,0.707081,0.208109,
2.905,-0.64515,-0.707221,2.94423e-07,0.64515,0.707139,0.208109,
3.005,-0.64515,-0.70722,1.65266e-07,0.64515,0.707175,0.208109,
3.105,-0.64515,-0.707219,9.18996e-08,0.64515,0.707196,0.208109,
3.205,-0.64515,-0.707219,5.33396e-08,0.64515,0.707205,0.208109,
3.305,-0.64515,-0.707219,3.12208e-08,0.64515,0.707211,0.208109,
3.405,-0.64515,-0.707219,1.63145e-08,0.64515,0.707215,0.208109,
3.505,-0.64515,-0.707219,8.34329e-09,0.64515,0.707217,0.208109,
3.605,-0.64515,-0.707219,4.72532e-09,0.64515,0.707218,0.208109,
3.705,-0.64515,-0.707219,2.67309e-09,0.64515,0.707218,0.208109,
3.805,-0.64515,-0.707219,1.87313e-09,0.64515,0.707217,0.208109,
3.905,-0.64515,-0.707219,7.92246e-10,0.64515,0.707219,0.208109,
4.005,-0.64515,-0.707219,1.0915e-10,0.64515,0.70722,0.208109,
4.105,-0.64515,-0.707219,2.1048e-10,0.64515,0.707218,0.208109,
4.205,-0.64515,-0.707219,2.15672e-10,0.64515,0.707217,0.208109,
4.305,-0.64515,-0.707219,1.97105e-10,0.64515,0.707217,0.208109,
4.405,-0.64515,-0.707219,1.12181e-10,0.64515,0.707218,0.208109,
4.505,-0.64515,-0.707219,6.01204e-11,0.64515,0.707218,0.208109,
4.605,-0.64515,-0.707219,3.64717e-11,0.64515,0.707218,0.208109,
4.705,-0.64515,-0.707219,2.12109e-11,0.64515,0.707218,0.208109,
4.805,-0.64515,-0.707219,0,0.64515,0.707219,0.208109,
4.905,-0.64515,-0.707219,0,0.64515,0.707219,0.208109,
5.005,-0.64515,-0.707219,0,0.64515,0.707219,0.208109,
5.105,-0.64515,-0.707219,0,0.64515,0.707219,0.208109,
5.205,-0.64515,-0.707219,0,0.64515,0.707219,0.208109,
5.305,-0.64515,-0.707219,0,0.64515,0.707219,0.208109,
5.405,-0.64515,-0.707219,0,0.64515,0.707219,0.208109,
5.505,-0.64515,-0.707219,0,0.64515,0.707219,0.208109,
5.605,-0.64515,-0.707219,0,0.64515,0.707219,0.208109,
5.705,-0.64515,-0.707219,0,0.64515,0.707219,0.208109,
5.805,-0.64515,-0.707219,0,0.64515,0.707219,0.208109,
5.905,-0.64515,-0.707219,0,0.64515,0.707219,0.208109,
6.005,-0.64515,-0.707219,0,0.64515,0.707219,0.208109,
6.105,-0.64515,-0.707219,0,0.64515,0.707218,0.208109,
6.205,-0.64515,-0.707219,0,0.64515,0.707218,0.208109,
6.305,-0.64515,-0.707219,0,0.64515,0.707218,0.208109,
6.405,-0.64515,-0.707219,0,0.64515,0.707218,0.208109,
6.505,-0.64515,-0.707219,0,0.64515,0.707218,0.208109,
6.605,-0.64515,-0.707219,0,0.64515,0.707218,0.208109,
6.705,-0.64515,-0.707219,0,0.64515,0.707217,0.208109,
6.805,-0.64515,-0.707219,0,0.64515,0.707217,0.208109,
6.905,-0.64515,-0.707219,0,0.64515,0.707218,0.208109,
7.005,-0.64515,-0.707219,0,0.64515,0.707218,0.208109,
7.105,-0.64515,-0.707219,0,0.64515,0.707218,0.208109,
7.205,-0.64515,-0.707219,0,0.64515,0.707218,0.208109,
7.305,-0.64515,-0.707219,0,0.64515,0.707218,0.208109,
7.405,-0.64515,-0.707219,0,0.64515,0.707218,0.208109,
7.505,-0.64515,-0.707219,0,0.64515,0.707218,0.208109,
7.605,-0.64515,-0.707219,0,0.64515,0.707219,0.208109,
7.705,-0.64515,-0.707219,0,0.64515,0.707219,0.208109,
7.805,-0.64515,-0.707219,0,0.64515,0.707219,0.208109,
7.905,-0.64515,-0.707219,0,0.64515,0.707219,0.208109,
8.005,-0.64515,-0.707219,0,0.64515,0.707218,0.208109,
8.105,-0.64515,-0.707219,0,0.64515,0.707218,0.208109,
8.205,-0.64515,-0.707219,0,0.64515,0.707218,0.208109,
8.305,-0.64515,-0.707219,0,0.64515,0.707218,0.208109,
8.405,-0.64515,-0.707219,0,0.64515,0.707219,0.208109,
8.505,-0.64515,-0.707219,0,0.64515,0.707219,0.208109,
8.605,-0.64515,-0.707219,0,0.64515,0.707219,0.208109,
8.705,-0.64515,-0.707219,0,0.64515,0.707219,0.208109,
8.805,-0.64515,-0.707219,0,0.64515,0.707218,0.208109,
8.905,-0.64515,-0.707219,0,0.64515,0.707218,0.208109,
9.005,-0.64515,-0.707219,0,0.64515,0.707219,0.208109,
9.105,-0.64515,-0.707219,0,0.64515,0.707218,0.208109,
9.205,-0.64515,-0.707219,0,0.64515,0.707219,0.208109,
9.305,-0.64515,-0.707219,0,0.64515,0.707219,0.208109,
9.405,-0.64515,-0.707219,0,0.64515,0.707219,0.208109,
9.505,-0.64515,-0.707219,0,0.64515,0.707219,0.208109,
9.605,-0.64515,-0.707219,0,0.64515,0.707219,0.208109,
9.705,-0.64515,-0.707219,0,0.64515,0.707219,0.208109,
9.805,-0.64515,-0.707219,0,0.64515,0.707219,0.208109,
9.905,-0.64515,-0.707219,0,0.64515,0.707219,0.208109,
10.005,-0.64515,-0.707219,0,0.64515,0.707219,0.208109,
10.105,-0.64515,-0.707219,0,0.64515,0.707218,0.208109,
10.205,-0.64515,-0.707219,0,0.64515,0.707219,0.208109,
10.305,-0.64515,-0.707219,0,0.64515,0.707218,0.208109,
10.405,-0.64515,-0.707219,0,0.64515,0.707218,0.208109,
10.505,-0.64515,-0.707219,0,0.64515,0.707219,0.208109,
10.605,-0.64515,-0.707219,0,0.64515,0.707219,0.208109,
10.705,-0.64515,-0.707219,0,0.64515,0.707219,0.208109,
10.805,-0.64515,-0.707219,0,0.64515,0.707219,0.208109,
10.905,-0.64515,-0.707219,0,0.64515,0.707219,0.208109,
11.005,-0.64515,-0.707219,0,0.64515,0.707219,0.208109,
11.105,-0.64515,-0.707219,0,0.64515,0.707219,0.208109,
11.205,-0.64515,-0.707219,0,0.64515,0.707219,0.208109,
11.305,-0.64515,-0.707219,0,0.64515,0.707219,0.208109,
11.405,-0.64515,-0.707219,0,0.64515,0.707218,0.208109,
11.505,-0.64515,-0.707219,0,0.64515,0.707218,0.208109,
11.605,-0.64515,-0.707219,0,0.64515,0.707218,0.208109,
11.705,-0.64515,-0.707219,0,0.64515,0.707219,0.208109,
11.805,-0.64515,-0.707219,0,0.64515,0.707219,0.208109,
11.905,-0.64515,-0.707219,0,0.64515,0.707219,0.208109,
12.005,-0.64515,-0.707219,0,0.64515,0.707219,0.208109,
12.105,-0.64515,-0.707219,0,0.64515,0.707219,0.208109,
12.205,-0.64515,-0.707219,0,0.64515,0.707219,0.208109,
12.305,-0.64515,-0.707219,0,0.64515,0.707219,0.208109,
12.405,-0.64515,-0.707219,0,0.64515,0.707219,0.208109,
12.505,-0.64515,-0.707219,0,0.64515,0.707219,0.208109,
12.605,-0.64515,-0.707219,0,0.64515,0.707218,0.208109,
12.705,-0.64515,-0.707219,0,0.64515,0.707219,0.208109,
12.805,-0.64515,-0.707219,0,0.64515,0.707218,0.208109,
12.905,-0.64515,-0.707219,0,0.64515,0.707219,0.208109,
13.005,-0.64515,-0.707219,0,0.64515,0.707219,0.208109,
13.105,-0.64515,-0.707219,0,0.64515,0.707219,0.208109,
13.205,-0.64515,-0.707219,0,0.64515,0.707219,0.208109,
13.305,-0.64515,-0.707219,0,0.64515,0.707219,0.208109,
13.405,-0.64515,-0.707219,0,0.64515,0.707219,0.208109,
13.505,-0.64515,-0.707219,0,0.64515,0.707219,0.208109,
13.605,-0.64515,-0.707219,0,0.64515,0.707219,0.208109,
13.705,-0.64515,-0.707219,0,0.64515,0.707218,0.208109,
13.805,-0.64515,-0.707219,0,0.64515,0.707219,0.208109,
13.905,-0.64515,-0.707219,0,0.64515,0.707218,0.208109,
14.005,-0.64515,-0.707219,0,0.64515,0.707219,0.208109,
14.105,-0.64515,-0.707219,0,0.64515,0.707219,0.208109,
14.205,-0.64515,-0.707219,0,0.64515,0.707219,0.208109,
14.305,-0.64515,-0.707219,0,0.64515,0.707219,0.208109,
14.405,-0.64515,-0.707219,0,0.64515,0.707219,0.208109,
14.505,-0.64515,-0.707219,0,0.64515,0.707219,0.208109,
14.605,-0.64515,-0.707219,0,0.64515,0.707219,0.208109,
14.705,-0.64515,-0.707219,0,0.64515,0.707219,0.208109,
14.805,-0.64515,-0.707219,0,0.64515,0.707219,0.208109,
14.905,-0.64515,-0.707219,0,0.64515,0.707218,0.208109,
15.005,-0.64515,-0.707219,0,0.64515,0.707219,0.208109,
15.105,-0.64515,-0.707219,0,0.64515,0.707218,0.208109,
15.205,-0.64515,-0.707219,0,0.64515,0.707219,0.208109,
15.305,-0.64515,-0.707219,0,0.64515,0.707219,0.208109,
15.405,-0.64515,-0.707219,0,0.64515,0.707219,0.208109,
15.505,-0.64515,-0.707219,0,0.64515,0.707219,0.208109,
15.605,-0.64515,-0.707219,0,0.64515,0.707219,0.208109,
15.705,-0.64515,-0.707219,0,0.64515,0.707219,0.208109,
15.805,-0.64515,-0.707219,0,0.64515,0.707219,0.208109,
15.905,-0.64515,-0.707219,0,0.64515,0.707219,0.208109,
16.005,-0.64515,-0.707219,0,0.64515,0.707218,0.208109,
16.105,-0.64515,-0.707219,0,0.64515,0.707218,0.208109,
16.205,-0.64515,-0.707219,0,0.64515,0.707219,0.208109,
16.305,-0.64515,-0.707219,0,0.64515,0.707218,0.208109,
16.405,-0.64515,-0.707219,0,0.64515,0.707219,0.208109,
16.505,-0.64515,-0.707219,0,0.64515,0.707219,0.208109,
16.605,-0.64515,-0.707219,0,0.64515,0.707219,0.208109,
16.705,-0.64515,-0.707219,0,0.64515,0.707219,0.208109,
16.805,-0.64515,-0.707219,0,0.64515,0.707219,0.208109,
16.905,-0.64515,-0.707219,0,0.64515,0.707219,0.208109,
17.005,-0.64515,-0.707219,0,0.64515,0.707219,0.208109,
17.105,-0.64515,-0.707219,0,0.64515,0.707219,0.208109,
17.205,-0.64515,-0.707219,0,0.64515,0.707218,0.208109,
17.305,-0.64515,-0.707219,0,0.64515,0.707218,0.208109,
17.405,-0.64515,-0.707219,0,0.64515,0.707219,0.208109,
17.505,-0.64515,-0.707219,0,0.64515,0.707218,0.208109,
17.605,-0.64515,-0.707219,0,0.64515,0.707218,0.208109,
17.705,-0.64515,-0.707219,0,0.64515,0.707219,0.208109,
17.805,-0.64515,-0.707219,0,0.64515,0.707219,0.208109,
17.905,-0.64515,-0.707219,0,0.64515,0.707219,0.208109,
18.005,-0.64515,-0.707219,0,0.64515,0.707218,0.208109,
18.105,-0.64515,-0.707219,0,0.64515,0.707219,0.208109,
18.205,-0.64515,-0.707219,0,0.64515,0.707219,0.208109,
18.305,-0.64515,-0.707219,0,0.64515,0.707219,0.208109,
18.405,-0.64515,-0.707219,0,0.64515,0.707219,0.208109,
18.505,-0.64515,-0.707219,0,0.64515,0.707219,0.208109,
18.605,-0.64515,-0.707219,0,0.64515,0.707218,0.208109,
18.705,-0.64515,-0.707219,0,0.64515,0.707218,0.208109,
18.805,-0.64515,-0.707219,0,0.64515,0.707218,0.208109,
18.905,-0.64515,-0.707219,0,0.64515,0.707218,0.208109,
19.005,-0.64515,-0.707219,0,0.64515,0.707219,0.208109,
19.105,-0.64515,-0.707219,0,0.64515,0.707218,0.208109,
19.205,-0.64515,-0.707219,0,0.64515,0.707219,0.208109,
19.305,-0.64515,-0.707219,0,0.64515,0.707219,0.208109,
19.405,-0.64515,-0.707219,0,0.64515,0.707219,0.208109,
19.505,-0.64515,-0.707219,0,0.64515,0.707219,0.208109,
19.605,-0.64515,-0.707219,0,0.64515,0.707218,0.208109,
19.705,-0.64515,-0.707219,0,0.64515,0.707218,0.208109,
19.805,-0.64515,-0.707219,0,0.64515,0.707218,0.208109,
19.905,-0.64515,-0.707219,0,0.64515,0.707218,0.208109,
20.005,-0.64515,-0.707219,0,0.64515,0.707219,0.208109,
20.105,-0.64515,-0.707219,0,0.64515,0.707219,0.208109,
20.205,-0.64515,-0.707219,0,0.64515,0.707219,0.208109,
20.305,-0.64515,-0.707219,0,0.64515,0.707219,0.208109,
20.405,-0.64515,-0.707219,0,0.64515,0.707219,0.208109,
20.505,-0.64515,-0.707219,0,0.64515,0.707219,0.208109,
20.605,-0.64515,-0.707219,0,0.64515,0.707219,0.208109,
20.705,-0.64515,-0.707219,0,0.64515,0.707219,0.208109,
20.805,-0.64515,-0.707219,0,0.64515,0.707219,0.208109,
20.905,-0.64515,-0.707219,0,0.64515,0.707218,0.208109,
21.005,-0.64515,-0.707219,0,0.64515,0.707219,0.208109,
21.105,-0.64515,-0.707219,0,0.64515,0.707218,0.208109,
21.205,-0.64515,-0.707219,0,0.64515,0.707219,0.208109,
21.305,-0.64515,-0.707219,0,0.64515,0.707219,0.208109,
21.405,-0.64515,-0.707219,0,0.64515,0.707219,0.208109,
21.505,-0.64515,-0.707219,0,0.64515,0.707219,0.208109,
21.605,-0.64515,-0.707219,0,0.64515,0.707219,0.208109,
21.705,-0.64515,-0.707219,0,0.64515,0.707219,0.208109,
21.805,-0.64515,-0.707219,0,0.64515,0.707219,0.208109,
21.905,-0.64515,-0.707219,0,0.64515,0.707219,0.208109,
22.005,-0.64515,-0.707219,0,0.64515,0.707218,0.208109,
22.105,-0.64515,-0.707219,0,0.64515,0.707218,0.208109,
22.205,-0.64515,-0.707219,0,0.64515,0.707219,0.208109,
22.305,-0.64515,-0.707219,0,0.64515,0.707218,0.208109,
22.405,-0.64515,-0.707219,0,0.64515,0.707218,0.208109,
22.505,-0.64515,-0.707219,0,0.64515,0.707219,0.208109,
22.605,-0.64515,-0.707219,0,0.64515,0.707219,0.208109,
22.705,-0.64515,-0.707219,0,0.64515,0.707219,0.208109,
22.805,-0.64515,-0.707219,0,0.64515,0.707218,0.208109,
22.905,-0.64515,-0.707219,0,0.64515,0.707219,0.208109,
23.005,-0.64515,-0.707219,0,0.64515,0.707219,0.208109,
23.105,-0.64515,-0.707219,0,0.64515,0.707219,0.208109,
23.205,-0.64515,-0.707219,0,0.64515,0.707219,0.208109,
23.305,-0.64515,-0.707219,0,0.64515,0.707219,0.208109,
23.405,-0.64515,-0.707219,0,0.64515,0.707219,0.208109,
23.505,-0.64515,-0.707219,0,0.64515,0.707219,0.208109,
23.605,-0.64515,-0.707219,0,0.64515,0.707219,0.208109,
23.705,-0.64515,-0.707219,0,0.64515,0.707219,0.208109,
23.805,-0.64515,-0.707219,0,0.64515,0.707219,0.208109,
23.905,-0.64515,-0.707219,0,0.64515,0.707219,0.208109,
24.005,-0.64515,-0.707219,0,0.64515,0.707219,0.208109,
24.105,-0.64515,-0.707219,0,0.64515,0.707218,0.208109,
24.205,-0.64515,-0.707219,0,0.64515,0.707219,0.208109,
24.305,-0.64515,-0.707219,0,0.64515,0.707219,0.208109,
24.405,-0.64515,-0.707219,0,0.64515,0.707219,0.208109,
24.505,-0.64515,-0.707219,0,0.64515,0.707219,0.208109,
24.605,-0.64515,-0.707219,0,0.64515,0.707219,0.208109,
24.705,-0.64515,-0.707219,0,0.64515,0.707219,0.208109,
24.805,-0.64515,-0.707219,0,0.64515,0.707218,0.208109,
24.905,-0.64515,-0.707219,0,0.64515,0.707218,0.208109,
25.005,-0.64515,-0.707219,0,0.64515,0.707218,0.208109,
25.105,-0.64515,-0.707219,0,0.64515,0.707219,0.208109,
25.205,-0.64515,-0.707219,0,0.64515,0.707219,0.208109,
25.305,-0.64515,-0.707219,0,0.64515,0.707219,0.208109,
25.405,-0.64515,-0.707219,0,0.64515,0.707219,0.208109,
25.505,-0.64515,-0.707219,0,0.64515,0.707219,0.208109,
25.605,-0.64515,-0.707219,0,0.64515,0.707218,0.208109,
25.705,-0.64515,-0.707219,0,0.64515,0.707219,0.208109,
25.805,-0.64515,-0.707219,0,0.64515,0.707218,0.208109,
25.905,-0.64515,-0.707219,0,0.64515,0.707219,0.208109,
26.005,-0.64515,-0.707219,0,0.64515,0.707219,0.208109,
26.105,-0.64515,-0.707219,0,0.64515,0.707219,0.208109,
26.205,-0.64515,-0.707219,0,0.64515,0.707219,0.208109,
26.305,-0.64515,-0.707219,0,0.64515,0.707218,0.208109,
26.405,-0.64515,-0.707219,0,0.64515,0.707219,0.208109,
26.505,-0.64515,-0.707219,0,0.64515,0.707219,0.208109,
26.605,-0.64515,-0.707219,0,0.64515,0.707219,0.208109,
26.705,-0.64515,-0.707219,0,0.64515,0.707219,0.208109,
26.805,-0.64515,-0.707219,0,0.64515,0.707219,0.208109,
26.905,-0.64515,-0.707219,0,0.64515,0.707219,0.208109,
27.005,-0.64515,-0.707219,0,0.64515,0.707219,0.208109,
27.105,-0.64515,-0.707219,0,0.64515,0.707218,0.208109,
27.205,-0.64515,-0.707219,0,0.64515,0.707219,0.208109,
27.305,-0.64515,-0.707219,0,0.64515,0.707219,0.208109,
27.405,-0.64515,-0.707219,0,0.64515,0.707219,0.208109,
27.505,-0.64515,-0.707219,0,0.64515,0.707219,0.208109,
27.605,-0.64515,-0.707219,0,0.64515,0.707219,0.208109,
27.705,-0.64515,-0.707219,0,0.64515,0.707219,0.208109,
27.805,-0.64515,-0.707219,0,0.64515,0.707218,0.208109,
27.905,-0.64515,-0.707219,0,0.64515,0.707218,0.208109,
28.005,-0.64515,-0.707219,0,0.64515,0.707218,0.208109,
28.105,-0.64515,-0.707219,0,0.64515,0.707219,0.208109,
28.205,-0.64515,-0.707219,0,0.64515,0.707219,0.208109,
28.305,-0.64515,-0.707219,0,0.64515,0.707219,0.208109,
28.405,-0.64515,-0.707219,0,0.64515,0.707219,0.208109,
28.505,-0.64515,-0.707219,0,0.64515,0.707219,0.208109,
28.605,-0.64515,-0.707219,0,0.64515,0.707218,0.208109,
28.705,-0.64515,-0.707219,0,0.64515,0.707219,0.208109,
28.805,-0.64515,-0.707219,0,0.64515,0.707219,0.208109,
28.905,-0.64515,-0.707219,0,0.64515,0.707219,0.208109,
29.005,-0.64515,-0.707219,0,0.64515,0.707219,0.208109,
29.105,-0.64515,-0.707219,0,0.64515,0.707219,0.208109,
29.205,-0.64515,-0.707219,0,0.64515,0.707219,0.208109,
29.305,-0.64515,-0.707219,0,0.64515,0.707219,0.208109,
29.405,-0.64515,-0.707219,0,0.64515,0.707219,0.208109,
29.505,-0.64515,-0.707219,0,0.64515,0.707219,0.208109,
29.605,-0.64515,-0.707219,0,0.64515,0.707219,0.208109,
29.705,-0.64515,-0.707219,0,0.64515,0.707219,0.208109,
29.805,-0.64515,-0.707219,0,0.64515,0.707219,0.208109,
29.905,-0.64515,-0.707219,0,0.64515,0.707219,0.208109,
30.005,-0.64515,-0.707219,0,0.64515,0.707219,0.208109,
30.105,-0.64515,-0.707219,0,0.64515,0.707219,0.208109,
30.205,-0.64515,-0.707219,0,0.64515,0.707219,0.208109,
30.305,-0.64515,-0.707219,0,0.64515,0.707219,0.208109,
30.405,-0.64515,-0.707219,0,0.64515,0.707218,0.208109,
30.505,-0.64515,-0.707219,0,0.64515,0.707218,0.208109,
30.605,-0.64515,-0.707219,0,0.64515,0.707218,0.208109,
30.705,-0.64515,-0.707219,0,0.64515,0.707219,0.208109,
30.805,-0.64515,-0.707219,0,0.64515,0.707218,0.208109,
30.905,-0.64515,-0.707219,0,0.64515,0.707218,0.208109,
31.005,-0.64515,-0.707219,0,0.64515,0.707219,0.208109,
31.105,-0.64515,-0.707219,0,0.64515,0.707219,0.208109,
31.205,-0.64515,-0.707219,0,0.64515,0.707219,0.208109,
31.305,-0.64515,-0.707219,0,0.64515,0.707219,0.208109,
31.405,-0.64515,-0.707219,0,0.64515,0.707219,0.208109,
31.505,-0.64515,-0.707219,0,0.64515,0.707218,0.208109,
31.605,-0.64515,-0.707219,0,0.64515,0.707218,0.208109,
31.705,-0.64515,-0.707219,0,0.64515,0.707218,0.208109,
31.805,-0.64515,-0.707219,0,0.64515,0.707219,0.208109,
31.905,-0.64515,-0.707219,0,0.64515,0.707219,0.208109,
32.005,-0.64515,-0.707219,0,0.64515,0.707218,0.208109,
32.105,-0.64515,-0.707219,0,0.64515,0.707219,0.208109,
32.205,-0.64515,-0.707219,0,0.64515,0.707219,0.208109,
32.305,-0.64515,-0.707219,0,0.64515,0.707219,0.208109,
32.405,-0.64515,-0.707219,0,0.64515,0.707219,0.208109,
32.505,-0.64515,-0.707219,0,0.64515,0.707218,0.208109,
32.605,-0.64515,-0.707219,0,0.64515,0.707218,0.208109,
32.705,-0.64515,-0.707219,0,0.64515,0.707218,0.208109,
32.805,-0.64515,-0.707219,0,0.64515,0.707218,0.208109,
32.905,-0.64515,-0.707219,0,0.64515,0.707219,0.208109,
33.005,-0.64515,-0.707219,0,0.64515,0.707219,0.208109,
33.105,-0.64515,-0.707219,0,0.64515,0.707219,0.208109,
33.205,-0.64515,-0.707219,0,0.64515,0.707219,0.208109,
33.305,-0.64515,-0.707219,0,0.64515,0.707219,0.208109,
33.405,-0.64515,-0.707219,0,0.64515,0.707219,0.208109,
33.505,-0.64515,-0.707219,0,0.64515,0.707219,0.208109,
33.605,-0.64515,-0.707219,0,0.64515,0.707219,0.208109,
33.705,-0.64515,-0.707219,0,0.64515,0.707219,0.208109,
33.805,-0.64515,-0.707219,0,0.64515,0.707218,0.208109,
33.905,-0.64515,-0.707219,0,0.64515,0.707219,0.208109,
34.005,-0.64515,-0.707219,0,0.64515,0.707219,0.208109,
34.105,-0.64515,-0.707219,0,0.64515,0.707218,0.208109,
34.205,-0.64515,-0.707219,0,0.64515,0.707219,0.208109,
34.305,-0.64515,-0.707219,0,0.64515,0.707219,0.208109,
34.405,-0.64515,-0.707219,0,0.64515,0.707219,0.208109,
34.505,-0.64515,-0.707219,0,0.64515,0.707219,0.208109,
34.605,-0.64515,-0.707219,0,0.64515,0.707218,0.208109,
34.705,-0.64515,-0.707219,0,0.64515,0.707219,0.208109,
34.805,-0.64515,-0.707219,0,0.64515,0.707219,0.208109,
34.905,-0.64515,-0.707219,0,0.64515,0.707219,0.208109,
35.005,-0.64515,-0.707219,0,0.64515,0.707219,0.208109,
35.105,-0.64515,-0.707219,0,0.64515,0.707219,0.208109,
35.205,-0.64515,-0.707219,0,0.64515,0.707218,0.208109,
35.305,-0.64515,-0.707219,0,0.64515,0.707218,0.208109,
35.405,-0.64515,-0.707219,0,0.64515,0.707218,0.208109,
35.505,-0.64515,-0.707219,0,0.64515,0.707218,0.208109,
35.605,-0.64515,-0.707219,0,0.64515,0.707218,0.208109,
35.705,-0.64515,-0.707219,0,0.64515,0.707218,0.208109,
35.805,-0.64515,-0.707219,0,0.64515,0.707219,0.208109,
35.905,-0.64515,-0.707219,0,0.64515,0.707219,0.208109,
36.005,-0.64515,-0.707219,0,0.64515,0.707219,0.208109,
36.105,-0.64515,-0.707219,0,0.64515,0.707219,0.208109,
36.205,-0.64515,-0.707219,0,0.64515,0.707218,0.208109,
36.305,-0.64515,-0.707219,0,0.64515,0.707218,0.208109,
36.405,-0.64515,-0.707219,0,0.64515,0.707219,0.208109,
36.505,-0.64515,-0.707219,0,0.64515,0.707218,0.208109,
36.605,-0.64515,-0.707219,0,0.64515,0.707219,0.208109,
36.705,-0.64515,-0.707219,0,0.64515,0.707219,0.208109,
36.805,-0.64515,-0.707219,0,0.64515,0.707219,0.208109,
36.905,-0.64515,-0.707219,0,0.64515,0.707219,0.208109,
37.005,-0.64515,-0.707219,0,0.64515,0.707219,0.208109,
37.105,-0.64515,-0.707219,0,0.64515,0.707219,0.208109,
37.205,-0.64515,-0.707219,0,0.64515,0.707219,0.208109,
37.305,-0.64515,-0.707219,0,0.64515,0.707219,0.208109,
37.405,-0.64515,-0.707219,0,0.64515,0.707218,0.208109,
37.505,-0.64515,-0.707219,0,0.64515,0.707218,0.208109,
37.605,-0.64515,-0.707219,0,0.64515,0.707219,0.208109,
37.705,-0.64515,-0.707219,0,0.64515,0.707218,0.208109,
37.805,-0.64515,-0.707219,0,0.64515,0.707219,0.208109,
37.905,-0.64515,-0.707219,0,0.64515,0.707219,0.208109,
38.005,-0.64515,-0.707219,0,0.64515,0.707219,0.208109,
38.105,-0.64515,-0.707219,0,0.64515,0.707219,0.208109,
38.205,-0.64515,-0.707219,0,0.64515,0.707219,0.208109,
38.305,-0.64515,-0.707219,0,0.64515,0.707219,0.208109,
38.405,-0.64515,-0.707219,0,0.64515,0.707219,0.208109,
38.505,-0.64515,-0.707219,0,0.64515,0.707219,0.208109,
38.605,-0.64515,-0.707219,0,0.64515,0.707218,0.208109,
38.705,-0.64515,-0.707219,0,0.64515,0.707218,0.208109,
38.805,-0.64515,-0.707219,0,0.64515,0.707219,0.208109,
38.905,-0.64515,-0.707219,0,0.64515,0.707218,0.208109,
39.005,-0.64515,-0.707219,0,0.64515,0.707218,0.208109,
39.105,-0.64515,-0.707219,0,0.64515,0.707219,0.208109,
39.205,-0.64515,-0.707219,0,0.64515,0.707219,0.208109,
39.305,-0.64515,-0.707219,0,0.64515,0.707219,0.208109,
39.405,-0.64515,-0.707219,0,0.64515,0.707218,0.208109,
39.505,-0.64515,-0.707219,0,0.64515,0.707218,0.208109,
39.605,-0.64515,-0.707219,0,0.64515,0.707219,0.208109,
39.705,-0.64515,-0.707219,0,0.64515,0.707219,0.208109,
39.805,-0.64515,-0.707219,0,0.64515,0.707219,0.208109,
39.905,-0.64515,-0.707219,0,0.64515,0.707219,0.208109,
40.005,-0.64515,-0.707219,0,0.64515,0.707219,0.208109,
40.105,-0.64515,-0.707219,0,0.64515,0.707219,0.208109,
40.205,-0.64515,-0.707219,0,0.64515,0.707219,0.208109,
40.305,-0.64515,-0.707219,0,0.64515,0.707219,0.208109,
40.405,-0.64515,-0.707219,0,0.64515,0.707219,0.208109,
40.505,-0.64515,-0.707219,0,0.64515,0.707219,0.208109,
40.605,-0.64515,-0.707219,0,0.64515,0.707219,0.208109,
40.705,-0.64515,-0.707219,0,0.64515,0.707218,0.208109,
40.805,-0.64515,-0.707219,0,0.64515,0.707218,0.208109,
40.905,-0.64515,-0.707219,0,0.64515,0.707219,0.208109,
41.005,-0.64515,-0.707219,0,0.64515,0.707219,0.208109,
41.105,-0.64515,-0.707219,0,0.64515,0.707219,0.208109,
41.205,-0.64515,-0.707219,0,0.64515,0.707219,0.208109,
41.305,-0.64515,-0.707219,0,0.64515,0.707219,0.208109,
41.405,-0.64515,-0.707219,0,0.64515,0.707219,0.208109,
41.505,-0.64515,-0.707219,0,0.64515,0.707219,0.208109,
41.605,-0.64515,-0.707219,0,0.64515,0.707219,0.208109,
41.705,-0.64515,-0.707219,0,0.64515,0.707219,0.208109,
41.805,-0.64515,-0.707219,0,0.64515,0.707219,0.208109,
41.905,-0.64515,-0.707219,0,0.64515,0.707218,0.208109,
42.005,-0.64515,-0.707219,0,0.64515,0.707219,0.208109,
42.105,-0.64515,-0.707219,0,0.64515,0.707219,0.208109,
42.205,-0.64515,-0.707219,0,0.64515,0.707219,0.208109,
42.305,-0.64515,-0.707219,0,0.64515,0.707219,0.208109,
42.405,-0.64515,-0.707219,0,0.64515,0.707219,0.208109,
42.505,-0.64515,-0.707219,0,0.64515,0.707219,0.208109,
42.605,-0.64515,-0.707219,0,0.64515,0.707219,0.208109,
42.705,-0.64515,-0.707219,0,0.64515,0.707219,0.208109,
42.805,-0.64515,-0.707219,0,0.64515,0.707219,0.208109,
42.905,-0.64515,-0.707219,0,0.64515,0.707219,0.208109,
43.005,-0.64515,-0.707219,0,0.64515,0.707218,0.208109,
43.105,-0.64515,-0.707219,0,0.64515,0.707219,0.208109,
43.205,-0.64515,-0.707219,0,0.64515,0.707219,0.208109,
43.305,-0.64515,-0.707219,0,0.64515,0.707219,0.208109,
43.405,-0.64515,-0.707219,0,0.64515,0.707219,0.208109,
43.505,-0.64515,-0.707219,0,0.64515,0.707219,0.208109,
43.605,-0.64515,-0.707219,0,0.64515,0.707219,0.208109,
43.705,-0.64515,-0.707219,0,0.64515,0.707219,0.208109,
43.805,-0.64515,-0.707219,0,0.64515,0.707219,0.208109,
43.905,-0.64515,-0.707219,0,0.64515,0.707219,0.208109,
44.005,-0.64515,-0.707219,0,0.64515,0.707219,0.208109,
44.105,-0.64515,-0.707219,0,0.64515,0.707218,0.208109,
44.205,-0.64515,-0.707219,0,0.64515,0.707219,0.208109,
44.305,-0.64515,-0.707219,0,0.64515,0.707219,0.208109,
44.405,-0.64515,-0.707219,0,0.64515,0.707219,0.208109,
44.505,-0.64515,-0.707219,0,0.64515,0.707219,0.208109,
44.605,-0.64515,-0.707219,0,0.64515,0.707219,0.208109,
44.705,-0.64515,-0.707219,0,0.64515,0.707219,0.208109,
44.805,-0.64515,-0.707219,0,0.64515,0.707219,0.208109,
44.905,-0.64515,-0.707219,0,0.64515,0.707219,0.208109,
45.005,-0.64515,-0.707219,0,0.64515,0.707219,0.208109,
45.105,-0.64515,-0.707219,0,0.64515,0.707219,0.208109,
45.205,-0.64515,-0.707219,0,0.64515,0.707219,0.208109,
45.305,-0.64515,-0.707219,0,0.64515,0.707218,0.208109,
45.405,-0.64515,-0.707219,0,0.64515,0.707219,0.208109,
45.505,-0.64515,-0.707219,0,0.64515,0.707218,0.208109,
45.605,-0.64515,-0.707219,0,0.64515,0.707219,0.208109,
45.705,-0.64515,-0.707219,0,0.64515,0.707219,0.208109,
45.805,-0.64515,-0.707219,0,0.64515,0.707219,0.208109,
45.905,-0.64515,-0.707219,0,0.64515,0.707219,0.208109,
46.005,-0.64515,-0.707219,0,0.64515,0.707219,0.208109,
46.105,-0.64515,-0.707219,0,0.64515,0.707219,0.208109,
46.205,-0.64515,-0.707219,0,0.64515,0.707219,0.208109,
46.305,-0.64515,-0.707219,0,0.64515,0.707219,0.208109,
46.405,-0.64515,-0.707219,0,0.64515,0.707218,0.208109,
46.505,-0.64515,-0.707219,0,0.64515,0.707218,0.208109,
46.605,-0.64515,-0.707219,0,0.64515,0.707219,0.208109,
46.705,-0.64515,-0.707219,0,0.64515,0.707218,0.208109,
46.805,-0.64515,-0.707219,0,0.64515,0.707219,0.208109,
46.905,-0.64515,-0.707219,0,0.64515,0.707219,0.208109,
47.005,-0.64515,-0.707219,0,0.64515,0.707219,0.208109,
47.105,-0.64515,-0.707219,0,0.64515,0.707219,0.208109,
47.205,-0.64515,-0.707219,0,0.64515,0.707219,0.208109,
47.305,-0.64515,-0.707219,0,0.64515,0.707219,0.208109,
47.405,-0.64515,-0.707219,0,0.64515,0.707219,0.208109,
47.505,-0.64515,-0.707219,0,0.64515,0.707219,0.208109,
47.605,-0.64515,-0.707219,0,0.64515,0.707218,0.208109,
47.705,-0.64515,-0.707219,0,0.64515,0.707218,0.208109,
47.805,-0.64515,-0.707219,0,0.64515,0.707219,0.208109,
47.905,-0.64515,-0.707219,0,0.64515,0.707218,0.208109,
48.005,-0.64515,-0.707219,0,0.64515,0.707218,0.208109,
48.105,-0.64515,-0.707219,0,0.64515,0.707219,0.208109,
48.205,-0.64515,-0.707219,0,0.64515,0.707219,0.208109,
48.305,-0.64515,-0.707219,0,0.64515,0.707219,0.208109,
48.405,-0.64515,-0.707219,0,0.64515,0.707218,0.208109,
48.505,-0.64515,-0.707219,0,0.64515,0.707218,0.208109,
48.605,-0.64515,-0.707219,0,0.64515,0.707219,0.208109,
48.705,-0.64515,-0.707219,0,0.64515,0.707219,0.208109,
48.805,-0.64515,-0.707219,0,0.64515,0.707219,0.208109,
48.905,-0.64515,-0.707219,0,0.64515,0.707219,0.208109,
49.005,-0.64515,-0.707219,0,0.64515,0.707219,0.208109,
49.105,-0.64515,-0.707219,0,0.64515,0.707219,0.208109,
49.205,-0.64515,-0.707219,0,0.64515,0.707219,0.208109,
49.305,-0.64515,-0.707219,0,0.64515,0.707219,0.208109,
49.405,-0.64515,-0.707219,0,0.64515,0.707219,0.208109,
49.505,-0.64515,-0.707219,0,0.64515,0.707219,0.208109,
49.605,-0.64515,-0.707219,0,0.64515,0.707219,0.208109,
49.705,-0.64515,-0.707219,0,0.64515,0.707218,0.208109,
49.805,-0.64515,-0.707219,0,0.64515,0.707218,0.208109,
49.905,-0.64515,-0.707219,0,0.64515,0.707219,0.208109,
50.005,-0.64515,-0.707219,0,0.64515,0.707218,0.208109,
50.105,-0.64515,-0.707219,0,0.64515,0.707219,0.208109,
50.205,-0.64515,-0.707219,0,0.64515,0.707219,0.208109,
50.305,-0.64515,-0.707219,0,0.64515,0.707219,0.208109,
50.405,-0.64515,-0.707219,0,0.64515,0.707219,0.208109,
50.505,-0.64515,-0.707219,0,0.64515,0.707219,0.208109,
50.605,-0.64515,-0.707219,0,0.64515,0.707219,0.208109,
50.705,-0.64515,-0.707219,0,0.64515,0.707219,0.208109,
50.805,-0.64515,-0.707219,0,0.64515,0.707219,0.208109,
50.905,-0.64515,-0.707219,0,0.64515,0.707218,0.208109,
51.005,-0.64515,-0.707219,0,0.64515,0.707219,0.208109,
51.105,-0.64515,-0.707219,0,0.64515,0.707219,0.208109,
51.205,-0.64515,-0.707219,0,0.64515,0.707219,0.208109,
51.305,-0.64515,-0.707219,0,0.64515,0.707219,0.208109,
51.405,-0.64515,-0.707219,0,0.64515,0.707219,0.208109,
51.505,-0.64515,-0.707219,0,0.64515,0.707219,0.208109,
51.605,-0.64515,-0.707219,0,0.64515,0.707219,0.208109,
51.705,-0.64515,-0.707219,0,0.64515,0.707219,0.208109,
51.805,-0.64515,-0.707219,0,0.64515,0.707219,0.208109,
51.905,-0.64515,-0.707219,0,0.64515,0.707219,0.208109,
52.005,-0.64515,-0.707219,0,0.64515,0.707218,0.208109,
52.105,-0.64515,-0.707219,0,0.64515,0.707219,0.208109,
52.205,-0.64515,-0.707219,0,0.64515,0.707219,0.208109,
52.305,-0.64515,-0.707219,0,0.64515,0.707219,0.208109,
52.405,-0.64515,-0.707219,0,0.64515,0.707219,0.208109,
52.505,-0.64515,-0.707219,0,0.64515,0.707219,0.208109,
52.605,-0.64515,-0.707219,0,0.64515,0.707219,0.208109,
52.705,-0.64515,-0.707219,0,0.64515,0.707219,0.208109,
52.805,-0.64515,-0.707219,0,0.64515,0.707219,0.208109,
52.905,-0.64515,-0.707219,0,0.64515,0.707219,0.208109,
53.005,-0.64515,-0.707219,0,0.64515,0.707219,0.208109,
53.105,-0.64515,-0.707219,0,0.64515,0.707219,0.208109,
53.205,-0.64515,-0.707219,0,0.64515,0.707218,0.208109,
53.305,-0.64515,-0.707219,0,0.64515,0.707219,0.208109,
53.405,-0.64515,-0.707219,0,0.64515,0.707218,0.208109,
53.505,-0.64515,-0.707219,0,0.64515,0.707219,0.208109,
53.605,-0.64515,-0.707219,0,0.64515,0.707219,0.208109,
53.705,-0.64515,-0.707219,0,0.64515,0.707219,0.208109,
53.805,-0.64515,-0.707219,0,0.64515,0.707219,0.208109,
53.905,-0.64515,-0.707219,0,0.64515,0.707219,0.208109,
54.005,-0.64515,-0.707219,0,0.64515,0.707219,0.208109,
54.105,-0.64515,-0.707219,0,0.64515,0.707219,0.208109,
54.205,-0.64515,-0.707219,0,0.64515,0.707219,0.208109,
54.305,-0.64515,-0.707219,0,0.64515,0.707218,0.208109,
54.405,-0.64515,-0.707219,0,0.64515,0.707218,0.208109,
54.505,-0.64515,-0.707219,0,0.64515,0.707218,0.208109,
54.605,-0.64515,-0.707219,0,0.64515,0.707219,0.208109,
54.705,-0.64515,-0.707219,0,0.64515,0.707219,0.208109,
54.805,-0.64515,-0.707219,0,0.64515,0.707219,0.208109,
54.905,-0.64515,-0.707219,0,0.64515,0.707219,0.208109,
55.005,-0.64515,-0.707219,0,0.64515,0.707218,0.208109,
55.105,-0.64515,-0.707219,0,0.64515,0.707218,0.208109,
55.205,-0.64515,-0.707219,0,0.64515,0.707218,0.208109,
55.305,-0.64515,-0.707219,0,0.64515,0.707218,0.208109,
55.405,-0.64515,-0.707219,0,0.64515,0.707218,0.208109,
55.505,-0.64515,-0.707219,0,0.64515,0.707219,0.208109,
55.605,-0.64515,-0.707219,0,0.64515,0.707219,0.208109,
55.705,-0.64515,-0.707219,0,0.64515,0.707219,0.208109,
55.805,-0.64515,-0.707219,0,0.64515,0.707218,0.208109,
55.905,-0.64515,-0.707219,0,0.64515,0.707218,0.208109,
56.005,-0.64515,-0.707219,0,0.64515,0.707218,0.208109,
56.105,-0.64515,-0.707219,0,0.64515,0.707218,0.208109,
56.205,-0.64515,-0.707219,0,0.64515,0.707219,0.208109,
56.305,-0.64515,-0.707219,0,0.64515,0.707219,0.208109,
56.405,-0.64515,-0.707219,0,0.64515,0.707219,0.208109,
56.505,-0.64515,-0.707219,0,0.64515,0.707219,0.208109,
56.605,-0.64515,-0.707219,0,0.64515,0.707218,0.208109,
56.705,-0.64515,-0.707219,0,0.64515,0.707218,0.208109,
56.805,-0.64515,-0.707219,0,0.64515,0.707218,0.208109,
56.905,-0.64515,-0.707219,0,0.64515,0.707218,0.208109,
57.005,-0.64515,-0.707219,0,0.64515,0.707219,0.208109,
57.105,-0.64515,-0.707219,0,0.64515,0.707219,0.208109,
57.205,-0.64515,-0.707219,0,0.64515,0.707219,0.208109,
57.305,-0.64515,-0.707219,0,0.64515,0.707219,0.208109,
57.405,-0.64515,-0.707219,0,0.64515,0.707219,0.208109,
57.505,-0.64515,-0.707219,0,0.64515,0.707219,0.208109,
57.605,-0.64515,-0.707219,0,0.64515,0.707218,0.208109,
57.705,-0.64515,-0.707219,0,0.64515,0.707218,0.208109,
57.805,-0.64515,-0.707219,0,0.64515,0.707219,0.208109,
57.905,-0.64515,-0.707219,0,0.64515,0.707219,0.208109,
58.005,-0.64515,-0.707219,0,0.64515,0.707218,0.208109,
58.105,-0.64515,-0.707219,0,0.64515,0.707218,0.208109,
58.205,-0.64515,-0.707219,0,0.64515,0.707218,0.208109,
58.305,-0.64515,-0.707219,0,0.64515,0.707218,0.208109,
58.405,-0.64515,-0.707219,0,0.64515,0.707218,0.208109,
58.505,-0.64515,-0.707219,0,0.64515,0.707219,0.208109,
58.605,-0.64515,-0.707219,0,0.64515,0.707219,0.208109,
58.705,-0.64515,-0.707219,0,0.64515,0.707219,0.208109,
58.805,-0.64515,-0.707219,0,0.64515,0.707219,0.208109,
58.905,-0.64515,-0.707219,0,0.64515,0.707219,0.208109,
59.005,-0.64515,-0.707219,0,0.64515,0.707219,0.208109,
59.105,-0.64515,-0.707219,0,0.64515,0.707219,0.208109,
59.205,-0.64515,-0.707219,0,0.64515,0.707219,0.208109,
59.305,-0.64515,-0.707219,0,0.64515,0.707219,0.208109,
59.405,-0.64515,-0.707219,0,0.64515,0.707219,0.208109,
59.505,-0.64515,-0.707219,0,0.64515,0.707219,0.208109,
59.605,-0.64515,-0.707219,0,0.64515,0.707219,0.208109,
59.705,-0.64515,-0.707219,0,0.64515,0.707219,0.208109,
59.805,-0.64515,-0.707219,0,0.64515,0.707219,0.208109,
59.905,-0.64515,-0.707219,0,0.64515,0.707219,0.208109,
60.005,-0.64515,-0.707219,0,0.64515,0.707219,0.208109,
60.105,-0.64515,-0.707219,0,0.64515,0.707219,0.208109,
60.205,-0.64515,-0.707219,0,0.64515,0.707219,0.208109,
60.305,-0.64515,-0.707219,0,0.64515,0.707219,0.208109,
60.405,-0.64515,-0.707219,0,0.64515,0.707219,0.208109,
60.505,-0.64515,-0.707219,0,0.64515,0.707219,0.208109,
60.605,-0.64515,-0.707219,0,0.64515,0.707219,0.208109,
60.705,-0.64515,-0.707219,0,0.64515,0.707219,0.208109,
60.805,-0.64515,-0.707219,0,0.64515,0.707218,0.208109,
60.905,-0.64515,-0.707219,0,0.64515,0.707218,0.208109,
61.005,-0.64515,-0.707219,0,0.64515,0.707219,0.208109,
61.105,-0.64515,-0.707219,0,0.64515,0.707218,0.208109,
61.205,-0.64515,-0.707219,0,0.64515,0.707219,0.208109,
61.305,-0.64515,-0.707219,0,0.64515,0.707219,0.208109,
61.405,-0.64515,-0.707219,0,0.64515,0.707219,0.208109,
61.505,-0.64515,-0.707219,0,0.64515,0.707219,0.208109,
61.605,-0.64515,-0.707219,0,0.64515,0.707219,0.208109,
61.705,-0.64515,-0.707219,0,0.64515,0.707219,0.208109,
61.805,-0.64515,-0.707219,0,0.64515,0.707219,0.208109,
61.905,-0.64515,-0.707219,0,0.64515,0.707219,0.208109,
62.005,-0.64515,-0.707219,0,0.64515,0.707218,0.208109,
62.105,-0.64515,-0.707219,0,0.64515,0.707219,0.208109,
62.205,-0.64515,-0.707219,0,0.64515,0.707219,0.208109,
62.305,-0.64515,-0.707219,0,0.64515,0.707219,0.208109,
62.405,-0.64515,-0.707219,0,0.64515,0.707219,0.208109,
62.505,-0.64515,-0.707219,0,0.64515,0.707219,0.208109,
62.605,-0.64515,-0.707219,0,0.64515,0.707219,0.208109,
62.705,-0.64515,-0.707219,0,0.64515,0.707219,0.208109,
62.805,-0.64515,-0.707219,0,0.64515,0.707219,0.208109,
62.905,-0.64515,-0.707219,0,0.64515,0.707219,0.208109,
63.005,-0.64515,-0.707219,0,0.64515,0.707219,0.208109,
63.105,-0.64515,-0.707219,0,0.64515,0.707218,0.208109,
63.205,-0.64515,-0.707219,0,0.64515,0.707218,0.208109,
63.305,-0.64515,-0.707219,0,0.64515,0.707219,0.208109,
63.405,-0.64515,-0.707219,0,0.64515,0.707219,0.208109,
63.505,-0.64515,-0.707219,0,0.64515,0.707219,0.208109,
63.605,-0.64515,-0.707219,0,0.64515,0.707219,0.208109,
63.705,-0.64515,-0.707219,0,0.64515,0.707219,0.208109,
63.805,-0.64515,-0.707219,0,0.64515,0.707219,0.208109,
63.905,-0.64515,-0.707219,0,0.64515,0.707219,0.208109,
64.005,-0.64515,-0.707219,0,0.64515,0.707219,0.208109,
64.105,-0.64515,-0.707219,0,0.64515,0.707219,0.208109,
64.205,-0.64515,-0.707219,0,0.64515,0.707219,0.208109,
64.305,-0.64515,-0.707219,0,0.64515,0.707218,0.208109,
64.405,-0.64515,-0.707219,0,0.64515,0.707218,0.208109,
64.505,-0.64515,-0.707219,0,0.64515,0.707218,0.208109,
64.605,-0.64515,-0.707219,0,0.64515,0.707218,0.208109,
64.705,-0.64515,-0.707219,0,0.64515,0.707219,0.208109,
64.805,-0.64515,-0.707219,0,0.64515,0.707219,0.208109,
64.905,-0.64515,-0.707219,0,0.64515,0.707219,0.208109,
65.005,-0.64515,-0.707219,0,0.64515,0.707218,0.208109,
65.105,-0.64515,-0.707219,0,0.64515,0.707218,0.208109,
65.205,-0.64515,-0.707219,0,0.64515,0.707218,0.208109,
65.305,-0.64515,-0.707219,0,0.64515,0.707218,0.208109,
65.405,-0.64515,-0.707219,0,0.64515,0.707219,0.208109,
65.505,-0.64515,-0.707219,0,0.64515,0.707219,0.208109,
65.605,-0.64515,-0.707219,0,0.64515,0.707219,0.208109,
65.705,-0.64515,-0.707219,0,0.64515,0.707219,0.208109,
65.805,-0.64515,-0.707219,0,0.64515,0.707219,0.208109,
65.905,-0.64515,-0.707219,0,0.64515,0.707219,0.208109,
66.005,-0.64515,-0.707219,0,0.64515,0.707219,0.208109,
66.105,-0.64515,-0.707219,0,0.64515,0.707219,0.208109,
66.205,-0.64515,-0.707219,0,0.64515,0.707219,0.208109,
66.305,-0.64515,-0.707219,0,0.64515,0.707218,0.208109,
66.405,-0.64515,-0.707219,0,0.64515,0.707218,0.208109,
66.505,-0.64515,-0.707219,0,0.64515,0.707219,0.208109,
66.605,-0.64515,-0.707219,0,0.64515,0.707218,0.208109,
66.705,-0.64515,-0.707219,0,0.64515,0.707218,0.208109,
66.805,-0.64515,-0.707219,0,0.64515,0.707219,0.208109,
66.905,-0.64515,-0.707219,0,0.64515,0.707219,0.208109,
67.005,-0.64515,-0.707219,0,0.64515,0.707219,0.208109,
67.105,-0.64515,-0.707219,0,0.64515,0.707218,0.208109,
67.205,-0.64515,-0.707219,0,0.64515,0.707219,0.208109,
67.305,-0.64515,-0.707219,0,0.64515,0.707219,0.208109,
67.405,-0.64515,-0.707219,0,0.64515,0.707219,0.208109,
67.505,-0.64515,-0.707219,0,0.64515,0.707219,0.208109,
67.605,-0.64515,-0.707219,0,0.64515,0.707219,0.208109,
67.705,-0.64515,-0.707219,0,0.64515,0.707219,0.208109,
67.805,-0.64515,-0.707219,0,0.64515,0.707218,0.208109,
67.905,-0.64515,-0.707219,0,0.64515,0.707218,0.208109,
68.005,-0.64515,-0.707219,0,0.64515,0.707218,0.208109,
68.105,-0.64515,-0.707219,0,0.64515,0.707219,0.208109,
68.205,-0.64515,-0.707219,0,0.64515,0.707218,0.208109,
68.305,-0.64515,-0.707219,0,0.64515,0.707218,0.208109,
68.405,-0.64515,-0.707219,0,0.64515,0.707219,0.208109,
68.505,-0.64515,-0.707219,0,0.64515,0.707219,0.208109,
68.605,-0.64515,-0.707219,0,0.64515,0.707219,0.208109,
68.705,-0.64515,-0.707219,0,0.64515,0.707219,0.208109,
68.805,-0.64515,-0.707219,0,0.64515,0.707218,0.208109,
68.905,-0.64515,-0.707219,0,0.64515,0.707218,0.208109,
69.005,-0.64515,-0.707219,0,0.64515,0.707218,0.208109,
69.105,-0.64515,-0.707219,0,0.64515,0.707218,0.208109,
69.205,-0.64515,-0.707219,0,0.64515,0.707219,0.208109,
69.305,-0.64515,-0.707219,0,0.64515,0.707219,0.208109,
69.405,-0.64515,-0.707219,0,0.64515,0.707219,0.208109,
69.505,-0.64515,-0.707219,0,0.64515,0.707219,0.208109,
69.605,-0.64515,-0.707219,0,0.64515,0.707219,0.208109,
69.705,-0.64515,-0.707219,0,0.64515,0.707219,0.208109,
69.805,-0.64515,-0.707219,0,0.64515,0.707219,0.208109,
69.905,-0.64515,-0.707219,0,0.64515,0.707219,0.208109,
70.005,-0.64515,-0.707219,0,0.64515,0.707218,0.208109,
70.105,-0.64515,-0.707219,0,0.64515,0.707218,0.208109,
70.205,-0.64515,-0.707219,0,0.64515,0.707219,0.208109,
70.305,-0.64515,-0.707219,0,0.64515,0.707218,0.208109,
70.405,-0.64515,-0.707219,0,0.64515,0.707218,0.208109,
70.505,-0.64515,-0.707219,0,0.64515,0.707218,0.208109,
70.605,-0.64515,-0.707219,0,0.64515,0.707219,0.208109,
70.705,-0.64515,-0.707219,0,0.64515,0.707219,0.208109,
70.805,-0.64515,-0.707219,0,0.64515,0.707218,0.208109,
70.905,-0.64515,-0.707219,0,0.64515,0.707218,0.208109,
71.005,-0.64515,-0.707219,0,0.64515,0.707219,0.208109,
71.105,-0.64515,-0.707219,0,0.64515,0.707219,0.208109,
71.205,-0.64515,-0.707219,0,0.64515,0.707219,0.208109,
71.305,-0.64515,-0.707219,0,0.64515,0.707219,0.208109,
71.405,-0.64515,-0.707219,0,0.64515,0.707219,0.208109,
71.505,-0.64515,-0.707219,0,0.64515,0.707219,0.208109,
71.605,-0.64515,-0.707219,0,0.64515,0.707219,0.208109,
71.705,-0.64515,-0.707219,0,0.64515,0.707219,0.208109,
71.805,-0.64515,-0.707219,0,0.64515,0.707219,0.208109,
71.905,-0.64515,-0.707219,0,0.64515,0.707219,0.208109,
72.005,-0.64515,-0.707219,0,0.64515,0.707219,0.208109,
72.105,-0.64515,-0.707219,0,0.64515,0.707219,0.208109,
72.205,-0.64515,-0.707219,0,0.64515,0.707218,0.208109,
72.305,-0.64515,-0.707219,0,0.64515,0.707219,0.208109,
72.405,-0.64515,-0.707219,0,0.64515,0.707218,0.208109,
72.505,-0.64515,-0.707219,0,0.64515,0.707218,0.208109,
72.605,-0.64515,-0.707219,0,0.64515,0.707219,0.208109,
72.705,-0.64515,-0.707219,0,0.64515,0.707219,0.208109,
72.805,-0.64515,-0.707219,0,0.64515,0.707219,0.208109,
72.905,-0.64515,-0.707219,0,0.64515,0.707219,0.208109,
73.005,-0.64515,-0.707219,0,0.64515,0.707218,0.208109,
73.105,-0.64515,-0.707219,0,0.64515,0.707219,0.208109,
73.205,-0.64515,-0.707219,0,0.64515,0.707219,0.208109,
73.305,-0.64515,-0.707219,0,0.64515,0.707219,0.208109,
73.405,-0.64515,-0.707219,0,0.64515,0.707219,0.208109,
73.505,-0.64515,-0.707219,0,0.64515,0.707219,0.208109,
73.605,-0.64515,-0.707219,0,0.64515,0.707218,0.208109,
73.705,-0.64515,-0.707219,0,0.64515,0.707218,0.208109,
73.805,-0.64515,-0.707219,0,0.64515,0.707218,0.208109,
73.905,-0.64515,-0.707219,0,0.64515,0.707219,0.208109,
74.005,-0.64515,-0.707219,0,0.64515,0.707218,0.208109,
74.105,-0.64515,-0.707219,0,0.64515,0.707218,0.208109,
74.205,-0.64515,-0.707219,0,0.64515,0.707219,0.208109,
74.305,-0.64515,-0.707219,0,0.64515,0.707219,0.208109,
74.405,-0.64515,-0.707219,0,0.64515,0.707219,0.208109,
74.505,-0.64515,-0.707219,0,0.64515,0.707219,0.208109,
74.605,-0.64515,-0.707219,0,0.64515,0.707218,0.208109,
74.705,-0.64515,-0.707219,0,0.64515,0.707218,0.208109,
74.805,-0.64515,-0.707219,0,0.64515,0.707218,0.208109,
74.905,-0.64515,-0.707219,0,0.64515,0.707218,0.208109,
75.005,-0.64515,-0.707219,0,0.64515,0.707219,0.208109,
75.105,-0.64515,-0.707219,0,0.64515,0.707219,0.208109,
75.205,-0.64515,-0.707219,0,0.64515,0.707219,0.208109,
75.305,-0.64515,-0.707219,0,0.64515,0.707219,0.208109,
75.405,-0.64515,-0.707219,0,0.64515,0.707218,0.208109,
75.505,-0.64515,-0.707219,0,0.64515,0.707219,0.208109,
75.605,-0.64515,-0.707219,0,0.64515,0.707219,0.208109,
75.705,-0.64515,-0.707219,0,0.64515,0.707219,0.208109,
75.805,-0.64515,-0.707219,0,0.64515,0.707219,0.208109,
75.905,-0.64515,-0.707219,0,0.64515,0.707219,0.208109,
76.005,-0.64515,-0.707219,0,0.64515,0.707219,0.208109,
76.105,-0.64515,-0.707219,0,0.64515,0.707219,0.208109,
76.205,-0.64515,-0.707219,0,0.64515,0.707219,0.208109,
76.305,-0.64515,-0.707219,0,0.64515,0.707219,0.208109,
76.405,-0.64515,-0.707219,0,0.64515,0.707219,0.208109,
76.505,-0.64515,-0.707219,0,0.64515,0.707219,0.208109,
76.605,-0.64515,-0.707219,0,0.64515,0.707219,0.208109,
76.705,-0.64515,-0.707219,0,0.64515,0.707219,0.208109,
76.805,-0.64515,-0.707219,0,0.64515,0.707219,0.208109,
76.905,-0.64515,-0.707219,0,0.64515,0.707219,0.208109,
77.005,-0.64515,-0.707219,0,0.64515,0.707219,0.208109,
77.105,-0.64515,-0.707219,0,0.64515,0.707219,0.208109,
77.205,-0.64515,-0.707219,0,0.64515,0.707219,0.208109,
77.305,-0.64515,-0.707219,0,0.64515,0.707219,0.208109,
77.405,-0.64515,-0.707219,0,0.64515,0.707219,0.208109,
77.505,-0.64515,-0.707219,0,0.64515,0.707219,0.208109,
77.605,-0.64515,-0.707219,0,0.64515,0.707219,0.208109,
77.705,-0.64515,-0.707219,0,0.64515,0.707219,0.208109,
77.805,-0.64515,-0.707219,0,0.64515,0.707219,0.208109,
77.905,-0.64515,-0.707219,0,0.64515,0.707218,0.208109,
78.005,-0.64515,-0.707219,0,0.64515,0.707218,0.208109,
78.105,-0.64515,-0.707219,0,0.64515,0.707219,0.208109,
78.205,-0.64515,-0.707219,0,0.64515,0.707218,0.208109,
78.305,-0.64515,-0.707219,0,0.64515,0.707218,0.208109,
78.405,-0.64515,-0.707219,0,0.64515,0.707219,0.208109,
78.505,-0.64515,-0.707219,0,0.64515,0.707219,0.208109,
78.605,-0.64515,-0.707219,0,0.64515,0.707219,0.208109,
78.705,-0.64515,-0.707219,0,0.64515,0.707218,0.208109,
78.805,-0.64515,-0.707219,0,0.64515,0.707218,0.208109,
78.905,-0.64515,-0.707219,0,0.64515,0.707219,0.208109,
79.005,-0.64515,-0.707219,0,0.64515,0.707219,0.208109,
79.105,-0.64515,-0.707219,0,0.64515,0.707219,0.208109,
79.205,-0.64515,-0.707219,0,0.64515,0.707219,0.208109,
79.305,-0.64515,-0.707219,0,0.64515,0.707219,0.208109,
79.405,-0.64515,-0.707219,0,0.64515,0.707218,0.208109,
79.505,-0.64515,-0.707219,0,0.64515,0.707218,0.208109,
79.605,-0.64515,-0.707219,0,0.64515,0.707218,0.208109,
79.705,-0.64515,-0.707219,0,0.64515,0.707219,0.208109,
79.805,-0.64515,-0.707219,0,0.64515,0.707218,0.208109,
79.905,-0.64515,-0.707219,0,0.64515,0.707218,0.208109,
80.01,-0.64515,-0.707219,0,0.64515,0.707218,0.208109,
80.11,-0.64515,-0.707219,0,0.64515,0.707219,0.208109,
80.21,-0.64515,-0.707219,0,0.64515,0.707219,0.208109,
80.31,-0.64515,-0.707219,0,0.64515,0.707219,0.208109,
80.41,-0.64515,-0.707219,0,0.64515,0.707219,0.208109,
80.51,-0.64515,-0.707219,0,0.64515,0.707219,0.208109,
80.61,-0.64515,-0.707219,0,0.64515,0.707219,0.208109,
80.71,-0.64515,-0.707219,0,0.64515,0.707219,0.208109,
80.81,-0.64515,-0.707219,0,0.64515,0.707219,0.208109,
80.91,-0.64515,-0.707219,0,0.64515,0.707219,0.208109,
81.01,-0.64515,-0.707219,0,0.64515,0.707219,0.208109,
81.11,-0.64515,-0.707219,0,0.64515,0.707219,0.208109,
81.21,-0.64515,-0.707219,0,0.64515,0.707218,0.208109,
81.31,-0.64515,-0.707219,0,0.64515,0.707218,0.208109,
81.41,-0.64515,-0.707219,0,0.64515,0.707217,0.208109,
81.51,-0.64515,-0.707219,0,0.64515,0.707217,0.208109,
81.61,-0.64515,-0.707219,0,0.64515,0.707218,0.208109,
81.71,-0.64515,-0.707219,0,0.64515,0.707219,0.208109,
81.81,-0.64515,-0.707219,0,0.64515,0.70722,0.208109,
81.91,-0.64515,-0.707219,0,0.64515,0.70722,0.208109,
82.01,-0.64515,-0.707219,0,0.64515,0.707219,0.208109,
82.11,-0.64515,-0.707219,0,0.64515,0.707219,0.208109,
82.21,-0.64515,-0.707219,0,0.64515,0.707218,0.208109,
82.31,-0.64515,-0.707219,0,0.64515,0.707218,0.208109,
82.41,-0.64515,-0.707219,0,0.64515,0.707218,0.208109,
82.51,-0.64515,-0.707219,0,0.64515,0.707219,0.208109,
82.61,-0.64515,-0.707219,0,0.64515,0.707219,0.208109,
82.71,-0.64515,-0.707219,0,0.64515,0.707219,0.208109,
82.81,-0.64515,-0.707219,0,0.64515,0.707219,0.208109,
82.91,-0.64515,-0.707219,0,0.64515,0.707219,0.208109,
83.01,-0.64515,-0.707219,0,0.64515,0.707219,0.208109,
83.11,-0.64515,-0.707219,0,0.64515,0.707218,0.208109,
83.21,-0.64515,-0.707219,0,0.64515,0.707218,0.208109,
83.31,-0.64515,-0.707219,0,0.64515,0.707219,0.208109,
83.41,-0.64515,-0.707219,0,0.64515,0.707219,0.208109,
83.51,-0.64515,-0.707219,0,0.64515,0.707218,0.208109,
83.61,-0.64515,-0.707219,0,0.64515,0.707218,0.208109,
83.71,-0.64515,-0.707219,0,0.64515,0.707219,0.208109,
83.81,-0.64515,-0.707219,0,0.64515,0.707219,0.208109,
83.91,-0.64515,-0.707219,0,0.64515,0.707219,0.208109,
84.01,-0.64515,-0.707219,0,0.64515,0.707219,0.208109,
84.11,-0.64515,-0.707219,0,0.64515,0.707219,0.208109,
84.21,-0.64515,-0.707219,0,0.64515,0.707219,0.208109,
84.31,-0.64515,-0.707219,0,0.64515,0.707219,0.208109,
84.41,-0.64515,-0.707219,0,0.64515,0.707219,0.208109,
84.51,-0.64515,-0.707219,0,0.64515,0.707219,0.208109,
84.61,-0.64515,-0.707219,0,0.64515,0.707219,0.208109,
84.71,-0.64515,-0.707219,0,0.64515,0.707219,0.208109,
84.81,-0.64515,-0.707219,0,0.64515,0.707218,0.208109,
84.91,-0.64515,-0.707219,0,0.64515,0.707219,0.208109,
85.01,-0.64515,-0.707219,0,0.64515,0.707218,0.208109,
85.11,-0.64515,-0.707219,0,0.64515,0.707219,0.208109,
85.21,-0.64515,-0.707219,0,0.64515,0.707219,0.208109,
85.31,-0.64515,-0.707219,0,0.64515,0.707219,0.208109,
85.41,-0.64515,-0.707219,0,0.64515,0.707219,0.208109,
85.51,-0.64515,-0.707219,0,0.64515,0.707219,0.208109,
85.61,-0.64515,-0.707219,0,0.64515,0.707218,0.208109,
85.71,-0.64515,-0.707219,0,0.64515,0.707219,0.208109,
85.81,-0.64515,-0.707219,0,0.64515,0.707219,0.208109,
85.91,-0.64515,-0.707219,0,0.64515,0.707219,0.208109,
86.01,-0.64515,-0.707219,0,0.64515,0.707219,0.208109,
86.11,-0.64515,-0.707219,0,0.64515,0.707219,0.208109,
86.21,-0.64515,-0.707219,0,0.64515,0.707219,0.208109,
86.31,-0.64515,-0.707219,0,0.64515,0.707218,0.208109,
86.41,-0.64515,-0.707219,0,0.64515,0.707218,0.208109,
86.51,-0.64515,-0.707219,0,0.64515,0.707218,0.208109,
86.61,-0.64515,-0.707219,0,0.64515,0.707219,0.208109,
86.71,-0.64515,-0.707219,0,0.64515,0.707219,0.208109,
86.81,-0.64515,-0.707219,0,0.64515,0.707219,0.208109,
86.91,-0.64515,-0.707219,0,0.64515,0.707219,0.208109,
87.01,-0.64515,-0.707219,0,0.64515,0.707218,0.208109,
87.11,-0.64515,-0.707219,0,0.64515,0.707219,0.208109,
87.21,-0.64515,-0.707219,0,0.64515,0.707219,0.208109,
87.31,-0.64515,-0.707219,0,0.64515,0.707219,0.208109,
87.41,-0.64515,-0.707219,0,0.64515,0.707219,0.208109,
87.51,-0.64515,-0.707219,0,0.64515,0.707219,0.208109,
87.61,-0.64515,-0.707219,0,0.64515,0.707219,0.208109,
87.71,-0.64515,-0.707219,0,0.64515,0.707219,0.208109,
87.81,-0.64515,-0.707219,0,0.64515,0.707219,0.208109,
87.91,-0.64515,-0.707219,0,0.64515,0.707219,0.208109,
88.01,-0.64515,-0.707219,0,0.64515,0.707219,0.208109,
88.11,-0.64515,-0.707219,0,0.64515,0.707219,0.208109,
88.21,-0.64515,-0.707219,0,0.64515,0.707219,0.208109,
88.31,-0.64515,-0.707219,0,0.64515,0.707219,0.208109,
88.41,-0.64515,-0.707219,0,0.64515,0.707219,0.208109,
88.51,-0.64515,-0.707219,0,0.64515,0.707219,0.208109,
88.61,-0.64515,-0.707219,0,0.64515,0.707219,0.208109,
88.71,-0.64515,-0.707219,0,0.64515,0.707219,0.208109,
88.81,-0.64515,-0.707219,0,0.64515,0.707219,0.208109,
88.91,-0.64515,-0.707219,0,0.64515,0.707218,0.208109,
89.01,-0.64515,-0.707219,0,0.64515,0.707219,0.208109,
89.11,-0.64515,-0.707219,0,0.64515,0.707219,0.208109,
89.21,-0.64515,-0.707219,0,0.64515,0.707219,0.208109,
89.31,-0.64515,-0.707219,0,0.64515,0.707219,0.208109,
89.41,-0.64515,-0.707219,0,0.64515,0.707219,0.208109,
89.51,-0.64515,-0.707219,0,0.64515,0.707219,0.208109,
89.61,-0.64515,-0.707219,0,0.64515,0.707218,0.208109,
89.71,-0.64515,-0.707219,0,0.64515,0.707218,0.208109,
89.81,-0.64515,-0.707219,0,0.64515,0.707218,0.208109,
89.91,-0.64515,-0.707219,0,0.64515,0.707219,0.208109,
90.01,-0.64515,-0.707219,0,0.64515,0.707219,0.208109,
90.11,-0.64515,-0.707219,0,0.64515,0.707219,0.208109,
90.21,-0.64515,-0.707219,0,0.64515,0.707219,0.208109,
90.31,-0.64515,-0.707219,0,0.64515,0.707219,0.208109,
90.41,-0.64515,-0.707219,0,0.64515,0.707218,0.208109,
90.51,-0.64515,-0.707219,0,0.64515,0.707219,0.208109,
90.61,-0.64515,-0.707219,0,0.64515,0.707219,0.208109,
90.71,-0.64515,-0.707219,0,0.64515,0.707219,0.208109,
90.81,-0.64515,-0.707219,0,0.64515,0.707219,0.208109,
90.91,-0.64515,-0.707219,0,0.64515,0.707219,0.208109,
91.01,-0.64515,-0.707219,0,0.64515,0.707219,0.208109,
91.11,-0.64515,-0.707219,0,0.64515,0.707219,0.208109,
91.21,-0.64515,-0.707219,0,0.64515,0.707219,0.208109,
91.31,-0.64515,-0.707219,0,0.64515,0.707219,0.208109,
91.41,-0.64515,-0.707219,0,0.64515,0.707219,0.208109,
91.51,-0.64515,-0.707219,0,0.64515,0.707219,0.208109,
91.61,-0.64515,-0.707219,0,0.64515,0.707219,0.208109,
91.71,-0.64515,-0.707219,0,0.64515,0.707219,0.208109,
91.81,-0.64515,-0.707219,0,0.64515,0.707219,0.208109,
91.91,-0.64515,-0.707219,0,0.64515,0.707219,0.208109,
92.01,-0.64515,-0.707219,0,0.64515,0.707219,0.208109,
92.11,-0.64515,-0.707219,0,0.64515,0.707219,0.208109,
92.21,-0.64515,-0.707219,0,0.64515,0.707219,0.208109,
92.31,-0.64515,-0.707219,0,0.64515,0.707219,0.208109,
92.41,-0.64515,-0.707219,0,0.64515,0.707219,0.208109,
92.51,-0.64515,-0.707219,0,0.64515,0.707219,0.208109,
92.61,-0.64515,-0.707219,0,0.64515,0.707219,0.208109,
92.71,-0.64515,-0.707219,0,0.64515,0.707219,0.208109,
92.81,-0.64515,-0.707219,0,0.64515,0.707219,0.208109,
92.91,-0.64515,-0.707219,0,0.64515,0.707218,0.208109,
93.01,-0.64515,-0.707219,0,0.64515,0.707219,0.208109,
93.11,-0.64515,-0.707219,0,0.64515,0.707219,0.208109,
93.21,-0.64515,-0.707219,0,0.64515,0.707218,0.208109,
93.31,-0.64515,-0.707219,0,0.64515,0.707219,0.208109,
93.41,-0.64515,-0.707219,0,0.64515,0.707219,0.208109,
93.51,-0.64515,-0.707219,0,0.64515,0.707219,0.208109,
93.61,-0.64515,-0.707219,0,0.64515,0.707219,0.208109,
93.71,-0.64515,-0.707219,0,0.64515,0.707219,0.208109,
93.81,-0.64515,-0.707219,0,0.64515,0.707219,0.208109,
93.91,-0.64515,-0.707219,0,0.64515,0.707219,0.208109,
94.01,-0.64515,-0.707219,0,0.64515,0.707219,0.208109,
94.11,-0.64515,-0.707219,0,0.64515,0.707219,0.208109,
94.21,-0.64515,-0.707219,0,0.64515,0.707218,0.208109,
94.31,-0.64515,-0.707219,0,0.64515,0.707218,0.208109,
94.41,-0.64515,-0.707219,0,0.64515,0.707219,0.208109,
94.51,-0.64515,-0.707219,0,0.64515,0.707219,0.208109,
94.61,-0.64515,-0.707219,0,0.64515,0.707219,0.208109,
94.71,-0.64515,-0.707219,0,0.64515,0.707219,0.208109,
94.81,-0.64515,-0.707219,0,0.64515,0.707219,0.208109,
94.91,-0.64515,-0.707219,0,0.64515,0.707219,0.208109,
95.01,-0.64515,-0.707219,0,0.64515,0.707219,0.208109,
95.11,-0.64515,-0.707219,0,0.64515,0.707219,0.208109,
95.21,-0.64515,-0.707219,0,0.64515,0.707219,0.208109,
95.31,-0.64515,-0.707219,0,0.64515,0.707219,0.208109,
95.41,-0.64515,-0.707219,0,0.64515,0.707218,0.208109,
95.51,-0.64515,-0.707219,0,0.64515,0.707219,0.208109,
95.61,-0.64515,-0.707219,0,0.64515,0.707218,0.208109,
95.71,-0.64515,-0.707219,0,0.64515,0.707219,0.208109,
95.81,-0.64515,-0.707219,0,0.64515,0.707219,0.208109,
95.91,-0.64515,-0.707219,0,0.64515,0.707219,0.208109,
96.01,-0.64515,-0.707219,0,0.64515,0.707219,0.208109,
96.11,-0.64515,-0.707219,0,0.64515,0.707219,0.208109,
96.21,-0.64515,-0.707219,0,0.64515,0.707219,0.208109,
96.31,-0.64515,-0.707219,0,0.64515,0.707219,0.208109,
96.41,-0.64515,-0.707219,0,0.64515,0.707219,0.208109,
96.51,-0.64515,-0.707219,0,0.64515,0.707218,0.208109,
96.61,-0.64515,-0.707219,0,0.64515,0.707219,0.208109,
96.71,-0.64515,-0.707219,0,0.64515,0.707219,0.208109,
96.81,-0.64515,-0.707219,0,0.64515,0.707219,0.208109,
96.91,-0.64515,-0.707219,0,0.64515,0.707219,0.208109,
97.01,-0.64515,-0.707219,0,0.64515,0.707219,0.208109,
97.11,-0.64515,-0.707219,0,0.64515,0.707219,0.208109,
97.21,-0.64515,-0.707219,0,0.64515,0.707219,0.208109,
97.31,-0.64515,-0.707219,0,0.64515,0.707219,0.208109,
97.41,-0.64515,-0.707219,0,0.64515,0.707219,0.208109,
97.51,-0.64515,-0.707219,0,0.64515,0.707219,0.208109,
97.61,-0.64515,-0.707219,0,0.64515,0.707218,0.208109,
97.71,-0.64515,-0.707219,0,0.64515,0.707218,0.208109,
97.81,-0.64515,-0.707219,0,0.64515,0.707219,0.208109,
97.91,-0.64515,-0.707219,0,0.64515,0.707219,0.208109,
98.01,-0.64515,-0.707219,0,0.64515,0.707219,0.208109,
98.11,-0.64515,-0.707219,0,0.64515,0.707219,0.208109,
98.21,-0.64515,-0.707219,0,0.64515,0.707219,0.208109,
98.31,-0.64515,-0.707219,0,0.64515,0.707219,0.208109,
98.41,-0.64515,-0.707219,0,0.64515,0.707219,0.208109,
98.51,-0.64515,-0.707219,0,0.64515,0.707219,0.208109,
98.61,-0.64515,-0.707219,0,0.64515,0.707219,0.208109,
98.71,-0.64515,-0.707219,0,0.64515,0.707219,0.208109,
98.81,-0.64515,-0.707219,0,0.64515,0.707218,0.208109,
98.91,-0.64515,-0.707219,0,0.64515,0.707219,0.208109,
99.01,-0.64515,-0.707219,0,0.64515,0.707218,0.208109,
99.11,-0.64515,-0.707219,0,0.64515,0.707219,0.208109,
99.21,-0.64515,-0.707219,0,0.64515,0.707219,0.208109,
99.31,-0.64515,-0.707219,0,0.64515,0.707219,0.208109,
99.41,-0.64515,-0.707219,0,0.64515,0.707219,0.208109,
99.51,-0.64515,-0.707219,0,0.64515,0.707219,0.208109,
99.61,-0.64515,-0.707219,0,0.64515,0.707219,0.208109,
99.71,-0.64515,-0.707219,0,0.64515,0.707219,0.208109,
99.81,-0.64515,-0.707219,0,0.64515,0.707219,0.208109,
99.91,-0.64515,-0.707219,0,0.64515,0.707218,0.208109,
100.01,-0.64515,-0.707219,0,0.64515,0.707218,0.208109,
100.11,-0.64515,-0.707219,0,0.64515,0.707219,0.208109,
100.21,-0.64515,-0.707219,0,0.64515,0.707218,0.208109,
100.31,-0.64515,-0.707219,0,0.64515,0.707219,0.208109,
100.41,-0.64515,-0.707219,0,0.64515,0.707219,0.208109,
100.51,-0.64515,-0.707219,0,0.64515,0.707219,0.208109,
100.61,-0.64515,-0.707219,0,0.64515,0.707219,0.208109,
100.71,-0.64515,-0.707219,0,0.64515,0.707219,0.208109,
100.81,-0.64515,-0.707219,0,0.64515,0.707219,0.208109,
100.91,-0.64515,-0.707219,0,0.64515,0.707219,0.208109,
101.01,-0.64515,-0.707219,0,0.64515,0.707219,0.208109,
101.11,-0.64515,-0.707219,0,0.64515,0.707218,0.208109,
101.21,-0.64515,-0.707219,0,0.64515,0.707218,0.208109,
101.31,-0.64515,-0.707219,0,0.64515,0.707219,0.208109,
101.41,-0.64515,-0.707219,0,0.64515,0.707218,0.208109,
101.51,-0.64515,-0.707219,0,0.64515,0.707219,0.208109,
101.61,-0.64515,-0.707219,0,0.64515,0.707219,0.208109,
101.71,-0.64515,-0.707219,0,0.64515,0.707219,0.208109,
101.81,-0.64515,-0.707219,0,0.64515,0.707219,0.208109,
101.91,-0.64515,-0.707219,0,0.64515,0.707219,0.208109,
102.01,-0.64515,-0.707219,0,0.64515,0.707219,0.208109,
102.11,-0.64515,-0.707219,0,0.64515,0.707219,0.208109,
102.21,-0.64515,-0.707219,0,0.64515,0.707219,0.208109,
102.31,-0.64515,-0.707219,0,0.64515,0.707218,0.208109,
102.41,-0.64515,-0.707219,0,0.64515,0.707218,0.208109,
102.51,-0.64515,-0.707219,0,0.64515,0.707219,0.208109,
102.61,-0.64515,-0.707219,0,0.64515,0.707218,0.208109,
102.71,-0.64515,-0.707219,0,0.64515,0.707218,0.208109,
102.81,-0.64515,-0.707219,0,0.64515,0.707219,0.208109,
102.91,-0.64515,-0.707219,0,0.64515,0.707219,0.208109,
103.01,-0.64515,-0.707219,0,0.64515,0.707219,0.208109,
103.11,-0.64515,-0.707219,0,0.64515,0.707218,0.208109,
103.21,-0.64515,-0.707219,0,0.64515,0.707219,0.208109,
103.31,-0.64515,-0.707219,0,0.64515,0.707219,0.208109,
103.41,-0.64515,-0.707219,0,0.64515,0.707219,0.208109,
103.51,-0.64515,-0.707219,0,0.64515,0.707219,0.208109,
103.61,-0.64515,-0.707219,0,0.64515,0.707219,0.208109,
103.71,-0.64515,-0.707219,0,0.64515,0.707219,0.208109,
103.81,-0.64515,-0.707219,0,0.64515,0.707219,0.208109,
103.91,-0.64515,-0.707219,0,0.64515,0.707219,0.208109,
104.01,-0.64515,-0.707219,0,0.64515,0.707219,0.208109,
104.11,-0.64515,-0.707219,0,0.64515,0.707219,0.208109,
104.21,-0.64515,-0.707219,0,0.64515,0.707219,0.208109,
104.31,-0.64515,-0.707219,0,0.64515,0.707219,0.208109,
104.41,-0.64515,-0.707219,0,0.64515,0.707218,0.208109,
104.51,-0.64515,-0.707219,0,0.64515,0.707219,0.208109,
104.61,-0.64515,-0.707219,0,0.64515,0.707219,0.208109,
104.71,-0.64515,-0.707219,0,0.64515,0.707219,0.208109,
104.81,-0.64515,-0.707219,0,0.64515,0.707219,0.208109,
104.91,-0.64515,-0.707219,0,0.64515,0.707219,0.208109,
105.01,-0.64515,-0.707219,0,0.64515,0.707219,0.208109,
105.11,-0.64515,-0.707219,0,0.64515,0.707218,0.208109,
105.21,-0.64515,-0.707219,0,0.64515,0.707218,0.208109,
105.31,-0.64515,-0.707219,0,0.64515,0.707218,0.208109,
105.41,-0.64515,-0.707219,0,0.64515,0.707219,0.208109,
105.51,-0.64515,-0.707219,0,0.64515,0.707219,0.208109,
105.61,-0.64515,-0.707219,0,0.64515,0.707218,0.208109,
105.71,-0.64515,-0.707219,0,0.64515,0.707218,0.208109,
105.81,-0.64515,-0.707219,0,0.64515,0.707219,0.208109,
105.91,-0.64515,-0.707219,0,0.64515,0.707219,0.208109,
106.01,-0.64515,-0.707219,0,0.64515,0.707219,0.208109,
106.11,-0.64515,-0.707219,0,0.64515,0.707219,0.208109,
106.21,-0.64515,-0.707219,0,0.64515,0.707218,0.208109,
106.31,-0.64515,-0.707219,0,0.64515,0.707218,0.208109,
106.41,-0.64515,-0.707219,0,0.64515,0.707218,0.208109,
106.51,-0.64515,-0.707219,0,0.64515,0.707218,0.208109,
106.61,-0.64515,-0.707219,0,0.64515,0.707219,0.208109,
106.71,-0.64515,-0.707219,0,0.64515,0.707218,0.208109,
106.81,-0.64515,-0.707219,0,0.64515,0.707218,0.208109,
106.91,-0.64515,-0.707219,0,0.64515,0.707219,0.208109,
107.01,-0.64515,-0.707219,0,0.64515,0.707219,0.208109,
107.11,-0.64515,-0.707219,0,0.64515,0.707219,0.208109,
107.21,-0.64515,-0.707219,0,0.64515,0.707219,0.208109,
107.31,-0.64515,-0.707219,0,0.64515,0.707218,0.208109,
107.41,-0.64515,-0.707219,0,0.64515,0.707218,0.208109,
107.51,-0.64515,-0.707219,0,0.64515,0.707218,0.208109,
107.61,-0.64515,-0.707219,0,0.64515,0.707219,0.208109,
107.71,-0.64515,-0.707219,0,0.64515,0.707219,0.208109,
107.81,-0.64515,-0.707219,0,0.64515,0.707219,0.208109,
107.91,-0.64515,-0.707219,0,0.64515,0.707219,0.208109,
108.01,-0.64515,-0.707219,0,0.64515,0.707219,0.208109,
108.11,-0.64515,-0.707219,0,0.64515,0.707219,0.208109,
108.21,-0.64515,-0.707219,0,0.64515,0.707219,0.208109,
108.31,-0.64515,-0.707219,0,0.64515,0.707219,0.208109,
108.41,-0.64515,-0.707219,0,0.64515,0.707219,0.208109,
108.51,-0.64515,-0.707219,0,0.64515,0.707218,0.208109,
108.61,-0.64515,-0.707219,0,0.64515,0.707218,0.208109,
108.71,-0.64515,-0.707219,0,0.64515,0.707219,0.208109,
108.81,-0.64515,-0.707219,0,0.64515,0.707218,0.208109,
108.91,-0.64515,-0.707219,0,0.64515,0.707218,0.208109,
109.01,-0.64515,-0.707219,0,0.64515,0.707219,0.208109,
109.11,-0.64515,-0.707219,0,0.64515,0.707219,0.208109,
109.21,-0.64515,-0.707219,0,0.64515,0.707219,0.208109,
109.31,-0.64515,-0.707219,0,0.64515,0.707218,0.208109,
109.41,-0.64515,-0.707219,0,0.64515,0.707219,0.208109,
109.51,-0.64515,-0.707219,0,0.64515,0.707219,0.208109,
109.61,-0.64515,-0.707219,0,0.64515,0.707219,0.208109,
109.71,-0.64515,-0.707219,0,0.64515,0.707219,0.208109,
109.81,-0.64515,-0.707219,0,0.64515,0.707219,0.208109,
109.91,-0.64515,-0.707219,0,0.64515,0.707218,0.208109,
110.01,-0.64515,-0.707219,0,0.64515,0.707218,0.208109,
110.11,-0.64515,-0.707219,0,0.64515,0.707218,0.208109,
110.21,-0.64515,-0.707219,0,0.64515,0.707218,0.208109,
110.31,-0.64515,-0.707219,0,0.64515,0.707219,0.208109,
110.41,-0.64515,-0.707219,0,0.64515,0.707218,0.208109,
110.51,-0.64515,-0.707219,0,0.64515,0.707219,0.208109,
110.61,-0.64515,-0.707219,0,0.64515,0.707219,0.208109,
110.71,-0.64515,-0.707219,0,0.64515,0.707219,0.208109,
110.81,-0.64515,-0.707219,0,0.64515,0.707219,0.208109,
110.91,-0.64515,-0.707219,0,0.64515,0.707218,0.208109,
111.01,-0.64515,-0.707219,0,0.64515,0.707218,0.208109,
111.11,-0.64515,-0.707219,0,0.64515,0.707218,0.208109,
111.21,-0.64515,-0.707219,0,0.64515,0.707218,0.208109,
111.31,-0.64515,-0.707219,0,0.64515,0.707219,0.208109,
111.41,-0.64515,-0.707219,0,0.64515,0.707219,0.208109,
111.51,-0.64515,-0.707219,0,0.64515,0.707219,0.208109,
111.61,-0.64515,-0.707219,0,0.64515,0.707219,0.208109,
111.71,-0.64515,-0.707219,0,0.64515,0.707219,0.208109,
111.81,-0.64515,-0.707219,0,0.64515,0.707219,0.208109,
111.91,-0.64515,-0.707219,0,0.64515,0.707219,0.208109,
112.01,-0.64515,-0.707219,0,0.64515,0.707219,0.208109,
112.11,-0.64515,-0.707219,0,0.64515,0.707219,0.208109,
112.21,-0.64515,-0.707219,0,0.64515,0.707218,0.208109,
112.31,-0.64515,-0.707219,0,0.64515,0.707219,0.208109,
112.41,-0.64515,-0.707219,0,0.64515,0.707218,0.208109,
112.51,-0.64515,-0.707219,0,0.64515,0.707219,0.208109,
112.61,-0.64515,-0.707219,0,0.64515,0.707219,0.208109,
112.71,-0.64515,-0.707219,0,0.64515,0.707219,0.208109,
112.81,-0.64515,-0.707219,0,0.64515,0.707219,0.208109,
112.91,-0.64515,-0.707219,0,0.64515,0.707219,0.208109,
113.01,-0.64515,-0.707219,0,0.64515,0.707219,0.208109,
113.11,-0.64515,-0.707219,0,0.64515,0.707219,0.208109,
113.21,-0.64515,-0.707219,0,0.64515,0.707219,0.208109,
113.31,-0.64515,-0.707219,0,0.64515,0.707219,0.208109,
113.41,-0.64515,-0.707219,0,0.64515,0.707218,0.208109,
113.51,-0.64515,-0.707219,0,0.64515,0.707219,0.208109,
113.61,-0.64515,-0.707219,0,0.64515,0.707218,0.208109,
113.71,-0.64515,-0.707219,0,0.64515,0.707218,0.208109,
113.81,-0.64515,-0.707219,0,0.64515,0.707219,0.208109,
113.91,-0.64515,-0.707219,0,0.64515,0.707219,0.208109,
114.01,-0.64515,-0.707219,0,0.64515,0.707219,0.208109,
114.11,-0.64515,-0.707219,0,0.64515,0.707219,0.208109,
114.21,-0.64515,-0.707219,0,0.64515,0.707218,0.208109,
114.31,-0.64515,-0.707219,0,0.64515,0.707219,0.208109,
114.41,-0.64515,-0.707219,0,0.64515,0.707219,0.208109,
114.51,-0.64515,-0.707219,0,0.64515,0.707219,0.208109,
114.61,-0.64515,-0.707219,0,0.64515,0.707219,0.208109,
114.71,-0.64515,-0.707219,0,0.64515,0.707219,0.208109,
114.81,-0.64515,-0.707219,0,0.64515,0.707219,0.208109,
114.91,-0.64515,-0.707219,0,0.64515,0.707219,0.208109,
115.01,-0.64515,-0.707219,0,0.64515,0.707219,0.208109,
115.11,-0.64515,-0.707219,0,0.64515,0.707219,0.208109,
115.21,-0.64515,-0.707219,0,0.64515,0.707219,0.208109,
115.31,-0.64515,-0.707219,0,0.64515,0.707219,0.208109,
115.41,-0.64515,-0.707219,0,0.64515,0.707218,0.208109,
115.51,-0.64515,-0.707219,0,0.64515,0.707218,0.208109,
115.61,-0.64515,-0.707219,0,0.64515,0.707219,0.208109,
115.71,-0.64515,-0.707219,0,0.64515,0.707219,0.208109,
115.81,-0.64515,-0.707219,0,0.64515,0.707219,0.208109,
115.91,-0.64515,-0.707219,0,0.64515,0.707219,0.208109,
116.01,-0.64515,-0.707219,0,0.64515,0.707219,0.208109,
116.11,-0.64515,-0.707219,0,0.64515,0.707219,0.208109,
116.21,-0.64515,-0.707219,0,0.64515,0.707219,0.208109,
116.31,-0.64515,-0.707219,0,0.64515,0.707219,0.208109,
116.41,-0.64515,-0.707219,0,0.64515,0.707219,0.208109,
116.51,-0.64515,-0.707219,0,0.64515,0.707219,0.208109,
116.61,-0.64515,-0.707219,0,0.64515,0.707218,0.208109,
116.71,-0.64515,-0.707219,0,0.64515,0.707219,0.208109,
116.81,-0.64515,-0.707219,0,0.64515,0.707218,0.208109,
116.91,-0.64515,-0.707219,0,0.64515,0.707219,0.208109,
117.01,-0.64515,-0.707219,0,0.64515,0.707219,0.208109,
117.11,-0.64515,-0.707219,0,0.64515,0.707219,0.208109,
117.21,-0.64515,-0.707219,0,0.64515,0.707219,0.208109,
117.31,-0.64515,-0.707219,0,0.64515,0.707219,0.208109,
117.41,-0.64515,-0.707219,0,0.64515,0.707219,0.208109,
117.51,-0.64515,-0.707219,0,0.64515,0.707219,0.208109,
117.61,-0.64515,-0.707219,0,0.64515,0.707219,0.208109,
117.71,-0.64515,-0.707219,0,0.64515,0.707218,0.208109,
117.81,-0.64515,-0.707219,0,0.64515,0.707219,0.208109,
117.91,-0.64515,-0.707219,0,0.64515,0.707219,0.208109,
118.01,-0.64515,-0.707219,0,0.64515,0.707219,0.208109,
118.11,-0.64515,-0.707219,0,0.64515,0.707219,0.208109,
118.21,-0.64515,-0.707219,0,0.64515,0.707219,0.208109,
118.31,-0.64515,-0.707219,0,0.64515,0.707219,0.208109,
118.41,-0.64515,-0.707219,0,0.64515,0.707219,0.208109,
118.51,-0.64515,-0.707219,0,0.64515,0.707219,0.208109,
118.61,-0.64515,-0.707219,0,0.64515,0.707219,0.208109,
118.71,-0.64515,-0.707219,0,0.64515,0.707219,0.208109,
118.81,-0.64515,-0.707219,0,0.64515,0.707219,0.208109,
118.91,-0.64515,-0.707219,0,0.64515,0.707218,0.208109,
119.01,-0.64515,-0.707219,0,0.64515,0.707219,0.208109,
119.11,-0.64515,-0.707219,0,0.64515,0.707219,0.208109,
119.21,-0.64515,-0.707219,0,0.64515,0.707219,0.208109,
119.31,-0.64515,-0.707219,0,0.64515,0.707219,0.208109,
119.41,-0.64515,-0.707219,0,0.64515,0.707219,0.208109,
119.51,-0.64515,-0.707219,0,0.64515,0.707219,0.208109,
119.61,-0.64515,-0.707219,0,0.64515,0.707219,0.208109,
119.71,-0.64515,-0.707219,0,0.64515,0.707219,0.208109,
119.81,-0.64515,-0.707219,0,0.64515,0.707219,0.208109,
119.91,-0.64515,-0.707219,0,0.64515,0.707219,0.208109,
120.01,-0.64515,-0.707219,0,0.64515,0.707218,0.208109,
120.11,-0.64515,-0.707219,0,0.64515,0.707218,0.208109,
120.21,-0.64515,-0.707219,0,0.64515,0.707219,0.208109,
120.31,-0.64515,-0.707219,0,0.64515,0.707219,0.208109,
120.41,-0.64515,-0.707219,0,0.64515,0.707219,0.208109,
120.51,-0.64515,-0.707219,0,0.64515,0.707219,0.208109,
120.61,-0.64515,-0.707219,0,0.64515,0.707219,0.208109,
120.71,-0.64515,-0.707219,0,0.64515,0.707219,0.208109,
120.81,-0.64515,-0.707219,0,0.64515,0.707219,0.208109,
120.91,-0.64515,-0.707219,0,0.64515,0.707219,0.208109,
121.01,-0.64515,-0.707219,0,0.64515,0.707219,0.208109,
121.11,-0.64515,-0.707219,0,0.64515,0.707219,0.208109,
121.21,-0.64515,-0.707219,0,0.64515,0.707218,0.208109,
121.31,-0.64515,-0.707219,0,0.64515,0.707218,0.208109,
121.41,-0.64515,-0.707219,0,0.64515,0.707219,0.208109,
121.51,-0.64515,-0.707219,0,0.64515,0.707218,0.208109,
121.61,-0.64515,-0.707219,0,0.64515,0.707218,0.208109,
121.71,-0.64515,-0.707219,0,0.64515,0.707219,0.208109,
121.81,-0.64515,-0.707219,0,0.64515,0.707219,0.208109,
121.91,-0.64515,-0.707219,0,0.64515,0.707219,0.208109,
122.01,-0.64515,-0.707219,0,0.64515,0.707218,0.208109,
122.11,-0.64515,-0.707219,0,0.64515,0.707219,0.208109,
122.21,-0.64515,-0.707219,0,0.64515,0.707219,0.208109,
122.31,-0.64515,-0.707219,0,0.64515,0.707219,0.208109,
122.41,-0.64515,-0.707219,0,0.64515,0.707219,0.208109,
122.51,-0.64515,-0.707219,0,0.64515,0.707218,0.208109,
122.61,-0.64515,-0.707219,0,0.64515,0.707219,0.208109,
122.71,-0.64515,-0.707219,0,0.64515,0.707219,0.208109,
122.81,-0.64515,-0.707219,0,0.64515,0.707219,0.208109,
122.91,-0.64515,-0.707219,0,0.64515,0.707219,0.208109,
123.01,-0.64515,-0.707219,0,0.64515,0.707219,0.208109,
123.11,-0.64515,-0.707219,0,0.64515,0.707219,0.208109,
123.21,-0.64515,-0.707219,0,0.64515,0.707219,0.208109,
123.31,-0.64515,-0.707219,0,0.64515,0.707219,0.208109,
123.41,-0.64515,-0.707219,0,0.64515,0.707219,0.208109,
123.51,-0.64515,-0.707219,0,0.64515,0.707219,0.208109,
123.61,-0.64515,-0.707219,0,0.64515,0.707219,0.208109,
123.71,-0.64515,-0.707219,0,0.64515,0.707219,0.208109,
123.81,-0.64515,-0.707219,0,0.64515,0.707219,0.208109,
123.91,-0.64515,-0.707219,0,0.64515,0.707219,0.208109,
124.01,-0.64515,-0.707219,0,0.64515,0.707219,0.208109,
124.11,-0.64515,-0.707219,0,0.64515,0.707219,0.208109,
124.21,-0.64515,-0.707219,0,0.64515,0.707219,0.208109,
124.31,-0.64515,-0.707219,0,0.64515,0.707219,0.208109,
124.41,-0.64515,-0.707219,0,0.64515,0.707219,0.208109,
124.51,-0.64515,-0.707219,0,0.64515,0.707219,0.208109,
124.61,-0.64515,-0.707219,0,0.64515,0.707218,0.208109,
124.71,-0.64515,-0.707219,0,0.64515,0.707219,0.208109,
124.81,-0.64515,-0.707219,0,0.64515,0.707219,0.208109,
124.91,-0.64515,-0.707219,0,0.64515,0.707219,0.208109,
125.01,-0.64515,-0.707219,0,0.64515,0.707219,0.208109,
125.11,-0.64515,-0.707219,0,0.64515,0.707219,0.208109,
125.21,-0.64515,-0.707219,0,0.64515,0.707219,0.208109,
125.31,-0.64515,-0.707219,0,0.64515,0.707219,0.208109,
125.41,-0.64515,-0.707219,0,0.64515,0.707218,0.208109,
125.51,-0.64515,-0.707219,0,0.64515,0.707219,0.208109,
125.61,-0.64515,-0.707219,0,0.64515,0.707219,0.208109,
125.71,-0.64515,-0.707219,0,0.64515,0.707219,0.208109,
125.81,-0.64515,-0.707219,0,0.64515,0.707219,0.208109,
125.91,-0.64515,-0.707219,0,0.64515,0.707219,0.208109,
126.01,-0.64515,-0.707219,0,0.64515,0.707219,0.208109,
126.11,-0.64515,-0.707219,0,0.64515,0.707218,0.208109,
126.21,-0.64515,-0.707219,0,0.64515,0.707218,0.208109,
126.31,-0.64515,-0.707219,0,0.64515,0.707218,0.208109,
126.41,-0.64515,-0.707219,0,0.64515,0.707219,0.208109,
126.51,-0.64515,-0.707219,0,0.64515,0.707219,0.208109,
126.61,-0.64515,-0.707219,0,0.64515,0.707219,0.208109,
126.71,-0.64515,-0.707219,0,0.64515,0.707219,0.208109,
126.81,-0.64515,-0.707219,0,0.64515,0.707219,0.208109,
126.91,-0.64515,-0.707219,0,0.64515,0.707218,0.208109,
127.01,-0.64515,-0.707219,0,0.64515,0.707219,0.208109,
127.11,-0.64515,-0.707219,0,0.64515,0.707219,0.208109,
127.21,-0.64515,-0.707219,0,0.64515,0.707219,0.208109,
127.31,-0.64515,-0.707219,0,0.64515,0.707219,0.208109,
127.41,-0.64515,-0.707219,0,0.64515,0.707219,0.208109,
127.51,-0.64515,-0.707219,0,0.64515,0.707219,0.208109,
127.61,-0.64515,-0.707219,0,0.64515,0.707218,0.208109,
127.71,-0.64515,-0.707219,0,0.64515,0.707219,0.208109,
127.81,-0.64515,-0.707219,0,0.64515,0.707218,0.208109,
127.91,-0.64515,-0.707219,0,0.64515,0.707219,0.208109,
128.01,-0.64515,-0.707219,0,0.64515,0.707219,0.208109,
128.11,-0.64515,-0.707219,0,0.64515,0.707219,0.208109,
128.21,-0.64515,-0.707219,0,0.64515,0.707219,0.208109,
128.31,-0.64515,-0.707219,0,0.64515,0.707218,0.208109,
128.41,-0.64515,-0.707219,0,0.64515,0.707218,0.208109,
128.51,-0.64515,-0.707219,0,0.64515,0.707219,0.208109,
128.61,-0.64515,-0.707219,0,0.64515,0.707218,0.208109,
128.71,-0.64515,-0.707219,0,0.64515,0.707219,0.208109,
128.81,-0.64515,-0.707219,0,0.64515,0.707219,0.208109,
128.91,-0.64515,-0.707219,0,0.64515,0.707219,0.208109,
129.01,-0.64515,-0.707219,0,0.64515,0.707219,0.208109,
129.11,-0.64515,-0.707219,0,0.64515,0.707218,0.208109,
129.21,-0.64515,-0.707219,0,0.64515,0.707219,0.208109,
129.31,-0.64515,-0.707219,0,0.64515,0.707218,0.208109,
129.41,-0.64515,-0.707219,0,0.64515,0.707219,0.208109,
129.51,-0.64515,-0.707219,0,0.64515,0.707219,0.208109,
129.61,-0.64515,-0.707219,0,0.64515,0.707219,0.208109,
129.71,-0.64515,-0.707219,0,0.64515,0.707219,0.208109,
129.81,-0.64515,-0.707219,0,0.64515,0.707219,0.208109,
129.91,-0.64515,-0.707219,0,0.64515,0.707219,0.208109,
130.01,-0.64515,-0.707219,0,0.64515,0.707219,0.208109,
130.11,-0.64515,-0.707219,0,0.64515,0.707219,0.208109,
130.21,-0.64515,-0.707219,0,0.64515,0.707219,0.208109,
130.31,-0.64515,-0.707219,0,0.64515,0.707219,0.208109,
130.41,-0.64515,-0.707219,0,0.64515,0.707219,0.208109,
130.51,-0.64515,-0.707219,0,0.64515,0.707219,0.208109,
130.61,-0.64515,-0.707219,0,0.64515,0.707219,0.208109,
130.71,-0.64515,-0.707219,0,0.64515,0.707219,0.208109,
130.81,-0.64515,-0.707219,0,0.64515,0.707219,0.208109,
130.91,-0.64515,-0.707219,0,0.64515,0.707218,0.208109,
131.01,-0.64515,-0.707219,0,0.64515,0.707218,0.208109,
131.11,-0.64515,-0.707219,0,0.64515,0.707218,0.208109,
131.21,-0.64515,-0.707219,0,0.64515,0.707218,0.208109,
131.31,-0.64515,-0.707219,0,0.64515,0.707219,0.208109,
131.41,-0.64515,-0.707219,0,0.64515,0.707218,0.208109,
131.51,-0.64515,-0.707219,0,0.64515,0.707218,0.208109,
131.61,-0.64515,-0.707219,0,0.64515,0.707219,0.208109,
131.71,-0.64515,-0.707219,0,0.64515,0.707219,0.208109,
131.81,-0.64515,-0.707219,0,0.64515,0.707219,0.208109,
131.91,-0.64515,-0.707219,0,0.64515,0.707219,0.208109,
132.01,-0.64515,-0.707219,0,0.64515,0.707219,0.208109,
132.11,-0.64515,-0.707219,0,0.64515,0.707218,0.208109,
132.21,-0.64515,-0.707219,0,0.64515,0.707218,0.208109,
132.31,-0.64515,-0.707219,0,0.64515,0.707218,0.208109,
132.41,-0.64515,-0.707219,0,0.64515,0.707219,0.208109,
132.51,-0.64515,-0.707219,0,0.64515,0.707218,0.208109,
132.61,-0.64515,-0.707219,0,0.64515,0.707218,0.208109,
132.71,-0.64515,-0.707219,0,0.64515,0.707219,0.208109,
132.81,-0.64515,-0.707219,0,0.64515,0.707219,0.208109,
132.91,-0.64515,-0.707219,0,0.64515,0.707219,0.208109,
133.01,-0.64515,-0.707219,0,0.64515,0.707219,0.208109,
133.11,-0.64515,-0.707219,0,0.64515,0.707218,0.208109,
133.21,-0.64515,-0.707219,0,0.64515,0.707218,0.208109,
133.31,-0.64515,-0.707219,0,0.64515,0.707218,0.208109,
133.41,-0.64515,-0.707219,0,0.64515,0.707218,0.208109,
133.51,-0.64515,-0.707219,0,0.64515,0.707219,0.208109,
133.61,-0.64515,-0.707219,0,0.64515,0.707219,0.208109,
133.71,-0.64515,-0.707219,0,0.64515,0.707219,0.208109,
133.81,-0.64515,-0.707219,0,0.64515,0.707219,0.208109,
133.91,-0.64515,-0.707219,0,0.64515,0.707218,0.208109,
134.01,-0.64515,-0.707219,0,0.64515,0.707219,0.208109,
134.11,-0.64515,-0.707219,0,0.64515,0.707218,0.208109,
134.21,-0.64515,-0.707219,0,0.64515,0.707219,0.208109,
134.31,-0.64515,-0.707219,0,0.64515,0.707219,0.208109,
134.41,-0.64515,-0.707219,0,0.64515,0.707219,0.208109,
134.51,-0.64515,-0.707219,0,0.64515,0.707219,0.208109,
134.61,-0.64515,-0.707219,0,0.64515,0.707219,0.208109,
134.71,-0.64515,-0.707219,0,0.64515,0.707219,0.208109,
134.81,-0.64515,-0.707219,0,0.64515,0.707219,0.208109,
134.91,-0.64515,-0.707219,0,0.64515,0.707219,0.208109,
135.01,-0.64515,-0.707219,0,0.64515,0.707219,0.208109,
135.11,-0.64515,-0.707219,0,0.64515,0.707219,0.208109,
135.21,-0.64515,-0.707219,0,0.64515,0.707219,0.208109,
135.31,-0.64515,-0.707219,0,0.64515,0.707219,0.208109,
135.41,-0.64515,-0.707219,0,0.64515,0.707219,0.208109,
135.51,-0.64515,-0.707219,0,0.64515,0.707219,0.208109,
135.61,-0.64515,-0.707219,0,0.64515,0.707219,0.208109,
135.71,-0.64515,-0.707219,0,0.64515,0.707218,0.208109,
135.81,-0.64515,-0.707219,0,0.64515,0.707218,0.208109,
135.91,-0.64515,-0.707219,0,0.64515,0.707218,0.208109,
136.01,-0.64515,-0.707219,0,0.64515,0.707218,0.208109,
136.11,-0.64515,-0.707219,0,0.64515,0.707219,0.208109,
136.21,-0.64515,-0.707219,0,0.64515,0.707218,0.208109,
136.31,-0.64515,-0.707219,0,0.64515,0.707218,0.208109,
136.41,-0.64515,-0.707219,0,0.64515,0.707219,0.208109,
136.51,-0.64515,-0.707219,0,0.64515,0.707219,0.208109,
136.61,-0.64515,-0.707219,0,0.64515,0.707219,0.208109,
136.71,-0.64515,-0.707219,0,0.64515,0.707219,0.208109,
136.81,-0.64515,-0.707219,0,0.64515,0.707218,0.208109,
136.91,-0.64515,-0.707219,0,0.64515,0.707218,0.208109,
137.01,-0.64515,-0.707219,0,0.64515,0.707218,0.208109,
137.11,-0.64515,-0.707219,0,0.64515,0.707218,0.208109,
137.21,-0.64515,-0.707219,0,0.64515,0.707219,0.208109,
137.31,-0.64515,-0.707219,0,0.64515,0.707218,0.208109,
137.41,-0.64515,-0.707219,0,0.64515,0.707218,0.208109,
137.51,-0.64515,-0.707219,0,0.64515,0.707219,0.208109,
137.61,-0.64515,-0.707219,0,0.64515,0.707219,0.208109,
137.71,-0.64515,-0.707219,0,0.64515,0.707219,0.208109,
137.81,-0.64515,-0.707219,0,0.64515,0.707219,0.208109,
137.91,-0.64515,-0.707219,0,0.64515,0.707218,0.208109,
138.01,-0.64515,-0.707219,0,0.64515,0.707218,0.208109,
138.11,-0.64515,-0.707219,0,0.64515,0.707218,0.208109,
138.21,-0.64515,-0.707219,0,0.64515,0.707219,0.208109,
138.31,-0.64515,-0.707219,0,0.64515,0.707219,0.208109,
138.41,-0.64515,-0.707219,0,0.64515,0.707219,0.208109,
138.51,-0.64515,-0.707219,0,0.64515,0.707219,0.208109,
138.61,-0.64515,-0.707219,0,0.64515,0.707219,0.208109,
138.71,-0.64515,-0.707219,0,0.64515,0.707218,0.208109,
138.81,-0.64515,-0.707219,0,0.64515,0.707219,0.208109,
138.91,-0.64515,-0.707219,0,0.64515,0.707219,0.208109,
139.01,-0.64515,-0.707219,0,0.64515,0.707219,0.208109,
139.11,-0.64515,-0.707219,0,0.64515,0.707219,0.208109,
139.21,-0.64515,-0.707219,0,0.64515,0.707219,0.208109,
139.31,-0.64515,-0.707219,0,0.64515,0.707219,0.208109,
139.41,-0.64515,-0.707219,0,0.64515,0.707219,0.208109,
139.51,-0.64515,-0.707219,0,0.64515,0.707219,0.208109,
139.61,-0.64515,-0.707219,0,0.64515,0.707219,0.208109,
139.71,-0.64515,-0.707219,0,0.64515,0.707219,0.208109,
139.81,-0.64515,-0.707219,0,0.64515,0.707219,0.208109,
139.91,-0.64515,-0.707219,0,0.64515,0.707219,0.208109,
140.01,-0.64515,-0.707219,0,0.64515,0.707219,0.208109,
140.11,-0.64515,-0.707219,0,0.64515,0.707219,0.208109,
140.21,-0.64515,-0.707219,0,0.64515,0.707219,0.208109,
140.31,-0.64515,-0.707219,0,0.64515,0.707219,0.208109,
140.41,-0.64515,-0.707219,0,0.64515,0.707219,0.208109,
140.51,-0.64515,-0.707219,0,0.64515,0.707219,0.208109,
140.61,-0.64515,-0.707219,0,0.64515,0.707219,0.208109,
140.71,-0.64515,-0.707219,0,0.64515,0.707219,0.208109,
140.81,-0.64515,-0.707219,0,0.64515,0.707219,0.208109,
140.91,-0.64515,-0.707219,0,0.64515,0.707219,0.208109,
141.01,-0.64515,-0.707219,0,0.64515,0.707219,0.208109,
141.11,-0.64515,-0.707219,0,0.64515,0.707219,0.208109,
141.21,-0.64515,-0.707219,0,0.64515,0.707218,0.208109,
141.31,-0.64515,-0.707219,0,0.64515,0.707218,0.208109,
141.41,-0.64515,-0.707219,0,0.64515,0.707219,0.208109,
141.51,-0.64515,-0.707219,0,0.64515,0.707218,0.208109,
141.61,-0.64515,-0.707219,0,0.64515,0.707218,0.208109,
141.71,-0.64515,-0.707219,0,0.64515,0.707219,0.208109,
141.81,-0.64515,-0.707219,0,0.64515,0.707219,0.208109,
141.91,-0.64515,-0.707219,0,0.64515,0.707219,0.208109,
142.01,-0.64515,-0.707219,0,0.64515,0.707218,0.208109,
142.11,-0.64515,-0.707219,0,0.64515,0.707219,0.208109,
142.21,-0.64515,-0.707219,0,0.64515,0.707219,0.208109,
142.31,-0.64515,-0.707219,0,0.64515,0.707219,0.208109,
142.41,-0.64515,-0.707219,0,0.64515,0.707219,0.208109,
142.51,-0.64515,-0.707219,0,0.64515,0.707219,0.208109,
142.61,-0.64515,-0.707219,0,0.64515,0.707218,0.208109,
142.71,-0.64515,-0.707219,0,0.64515,0.707218,0.208109,
142.81,-0.64515,-0.707219,0,0.64515,0.707218,0.208109,
142.91,-0.64515,-0.707219,0,0.64515,0.707219,0.208109,
143.01,-0.64515,-0.707219,0,0.64515,0.707219,0.208109,
143.11,-0.64515,-0.707219,0,0.64515,0.707219,0.208109,
143.21,-0.64515,-0.707219,0,0.64515,0.707219,0.208109,
143.31,-0.64515,-0.707219,0,0.64515,0.707218,0.208109,
143.41,-0.64515,-0.707219,0,0.64515,0.707219,0.208109,
143.51,-0.64515,-0.707219,0,0.64515,0.707219,0.208109,
143.61,-0.64515,-0.707219,0,0.64515,0.707219,0.208109,
143.71,-0.64515,-0.707219,0,0.64515,0.707219,0.208109,
143.81,-0.64515,-0.707219,0,0.64515,0.707219,0.208109,
143.91,-0.64515,-0.707219,0,0.64515,0.707219,0.208109,
144.01,-0.64515,-0.707219,0,0.64515,0.707219,0.208109,
144.11,-0.64515,-0.707219,0,0.64515,0.707219,0.208109,
144.21,-0.64515,-0.707219,0,0.64515,0.707219,0.208109,
144.31,-0.64515,-0.707219,0,0.64515,0.707219,0.208109,
144.41,-0.64515,-0.707219,0,0.64515,0.707219,0.208109,
144.51,-0.64515,-0.707219,0,0.64515,0.707219,0.208109,
144.61,-0.64515,-0.707219,0,0.64515,0.707219,0.208109,
144.71,-0.64515,-0.707219,0,0.64515,0.707219,0.208109,
144.81,-0.64515,-0.707219,0,0.64515,0.707219,0.208109,
144.91,-0.64515,-0.707219,0,0.64515,0.707219,0.208109,
145.01,-0.64515,-0.707219,0,0.64515,0.707219,0.208109,
145.11,-0.64515,-0.707219,0,0.64515,0.707219,0.208109,
145.21,-0.64515,-0.707219,0,0.64515,0.707218,0.208109,
145.31,-0.64515,-0.707219,0,0.64515,0.707218,0.208109,
145.41,-0.64515,-0.707219,0,0.64515,0.707218,0.208109,
145.51,-0.64515,-0.707219,0,0.64515,0.707219,0.208109,
145.61,-0.64515,-0.707219,0,0.64515,0.707218,0.208109,
145.71,-0.64515,-0.707219,0,0.64515,0.707218,0.208109,
145.81,-0.64515,-0.707219,0,0.64515,0.707219,0.208109,
145.91,-0.64515,-0.707219,0,0.64515,0.707219,0.208109,
146.01,-0.64515,-0.707219,0,0.64515,0.707219,0.208109,
146.11,-0.64515,-0.707219,0,0.64515,0.707219,0.208109,
146.21,-0.64515,-0.707219,0,0.64515,0.707218,0.208109,
146.31,-0.64515,-0.707219,0,0.64515,0.707218,0.208109,
146.41,-0.64515,-0.707219,0,0.64515,0.707218,0.208109,
146.51,-0.64515,-0.707219,0,0.64515,0.707218,0.208109,
146.61,-0.64515,-0.707219,0,0.64515,0.707219,0.208109,
146.71,-0.64515,-0.707219,0,0.64515,0.707218,0.208109,
146.81,-0.64515,-0.707219,0,0.64515,0.707218,0.208109,
146.91,-0.64515,-0.707219,0,0.64515,0.707219,0.208109,
147.01,-0.64515,-0.707219,0,0.64515,0.707219,0.208109,
147.11,-0.64515,-0.707219,0,0.64515,0.707219,0.208109,
147.21,-0.64515,-0.707219,0,0.64515,0.707219,0.208109,
147.31,-0.64515,-0.707219,0,0.64515,0.707218,0.208109,
147.41,-0.64515,-0.707219,0,0.64515,0.707218,0.208109,
147.51,-0.64515,-0.707219,0,0.64515,0.707219,0.208109,
147.61,-0.64515,-0.707219,0,0.64515,0.707219,0.208109,
147.71,-0.64515,-0.707219,0,0.64515,0.707219,0.208109,
147.81,-0.64515,-0.707219,0,0.64515,0.707219,0.208109,
147.91,-0.64515,-0.707219,0,0.64515,0.707219,0.208109,
148.01,-0.64515,-0.707219,0,0.64515,0.707219,0.208109,
148.11,-0.64515,-0.707219,0,0.64515,0.707219,0.208109,
148.21,-0.64515,-0.707219,0,0.64515,0.707219,0.208109,
148.31,-0.64515,-0.707219,0,0.64515,0.707219,0.208109,
148.41,-0.64515,-0.707219,0,0.64515,0.707219,0.208109,
148.51,-0.64515,-0.707219,0,0.64515,0.707218,0.208109,
148.61,-0.64515,-0.707219,0,0.64515,0.707218,0.208109,
148.71,-0.64515,-0.707219,0,0.64515,0.707218,0.208109,
148.81,-0.64515,-0.707219,0,0.64515,0.707219,0.208109,
148.91,-0.64515,-0.707219,0,0.64515,0.707219,0.208109,
149.01,-0.64515,-0.707219,0,0.64515,0.707219,0.208109,
149.11,-0.64515,-0.707219,0,0.64515,0.707219,0.208109,
149.21,-0.64515,-0.707219,0,0.64515,0.707219,0.208109,
149.31,-0.64515,-0.707219,0,0.64515,0.707219,0.208109,
149.41,-0.64515,-0.707219,0,0.64515,0.707219,0.208109,
149.51,-0.64515,-0.707219,0,0.64515,0.707219,0.208109,
149.61,-0.64515,-0.707219,0,0.64515,0.707219,0.208109,
149.71,-0.64515,-0.707219,0,0.64515,0.707218,0.208109,
149.81,-0.64515,-0.707219,0,0.64515,0.707218,0.208109,
149.91,-0.64515,-0.707219,0,0.64515,0.707218,0.208109,
150.01,-0.64515,-0.707219,0,0.64515,0.707219,0.208109,
150.11,-0.64515,-0.707219,0,0.64515,0.707219,0.208109,
150.21,-0.64515,-0.707219,0,0.64515,0.707219,0.208109,
150.31,-0.64515,-0.707219,0,0.64515,0.707219,0.208109,
150.41,-0.64515,-0.707219,0,0.64515,0.707218,0.208109,
150.51,-0.64515,-0.707219,0,0.64515,0.707218,0.208109,
150.61,-0.64515,-0.707219,0,0.64515,0.707218,0.208109,
150.71,-0.64515,-0.707219,0,0.64515,0.707218,0.208109,
150.81,-0.64515,-0.707219,0,0.64515,0.707219,0.208109,
150.91,-0.64515,-0.707219,0,0.64515,0.707219,0.208109,
151.01,-0.64515,-0.707219,0,0.64515,0.707219,0.208109,
151.11,-0.64515,-0.707219,0,0.64515,0.707219,0.208109,
151.21,-0.64515,-0.707219,0,0.64515,0.707219,0.208109,
151.31,-0.64515,-0.707219,0,0.64515,0.707219,0.208109,
151.41,-0.64515,-0.707219,0,0.64515,0.707219,0.208109,
151.51,-0.64515,-0.707219,0,0.64515,0.707219,0.208109,
151.61,-0.64515,-0.707219,0,0.64515,0.707219,0.208109,
151.71,-0.64515,-0.707219,0,0.64515,0.707219,0.208109,
151.81,-0.64515,-0.707219,0,0.64515,0.707219,0.208109,
151.91,-0.64515,-0.707219,0,0.64515,0.707219,0.208109,
152.01,-0.64515,-0.707219,0,0.64515,0.707219,0.208109,
152.11,-0.64515,-0.707219,0,0.64515,0.707219,0.208109,
152.21,-0.64515,-0.707219,0,0.64515,0.707219,0.208109,
152.31,-0.64515,-0.707219,0,0.64515,0.707219,0.208109,
152.41,-0.64515,-0.707219,0,0.64515,0.707219,0.208109,
152.51,-0.64515,-0.707219,0,0.64515,0.707219,0.208109,
152.61,-0.64515,-0.707219,0,0.64515,0.707219,0.208109,
152.71,-0.64515,-0.707219,0,0.64515,0.707219,0.208109,
152.81,-0.64515,-0.707219,0,0.64515,0.707219,0.208109,
152.91,-0.64515,-0.707219,0,0.64515,0.707219,0.208109,
153.01,-0.64515,-0.707219,0,0.64515,0.707219,0.208109,
153.11,-0.64515,-0.707219,0,0.64515,0.707219,0.208109,
153.21,-0.64515,-0.707219,0,0.64515,0.707219,0.208109,
153.31,-0.64515,-0.707219,0,0.64515,0.707219,0.208109,
153.41,-0.64515,-0.707219,0,0.64515,0.707219,0.208109,
153.51,-0.64515,-0.707219,0,0.64515,0.707219,0.208109,
153.61,-0.64515,-0.707219,0,0.64515,0.707219,0.208109,
153.71,-0.64515,-0.707219,0,0.64515,0.707219,0.208109,
153.81,-0.64515,-0.707219,0,0.64515,0.707219,0.208109,
153.91,-0.64515,-0.707219,0,0.64515,0.707219,0.208109,
154.01,-0.64515,-0.707219,0,0.64515,0.707219,0.208109,
154.11,-0.64515,-0.707219,0,0.64515,0.707219,0.208109,
154.21,-0.64515,-0.707219,0,0.64515,0.707219,0.208109,
154.31,-0.64515,-0.707219,0,0.64515,0.707219,0.208109,
154.41,-0.64515,-0.707219,0,0.64515,0.707219,0.208109,
154.51,-0.64515,-0.707219,0,0.64515,0.707219,0.208109,
154.61,-0.64515,-0.707219,0,0.64515,0.707219,0.208109,
154.71,-0.64515,-0.707219,0,0.64515,0.707219,0.208109,
154.81,-0.64515,-0.707219,0,0.64515,0.707219,0.208109,
154.91,-0.64515,-0.707219,0,0.64515,0.707219,0.208109,
155.01,-0.64515,-0.707219,0,0.64515,0.707219,0.208109,
155.11,-0.64515,-0.707219,0,0.64515,0.707219,0.208109,
155.21,-0.64515,-0.707219,0,0.64515,0.707219,0.208109,
155.31,-0.64515,-0.707219,0,0.64515,0.707219,0.208109,
155.41,-0.64515,-0.707219,0,0.64515,0.707219,0.208109,
155.51,-0.64515,-0.707219,0,0.64515,0.707218,0.208109,
155.61,-0.64515,-0.707219,0,0.64515,0.707219,0.208109,
155.71,-0.64515,-0.707219,0,0.64515,0.707219,0.208109,
155.81,-0.64515,-0.707219,0,0.64515,0.707219,0.208109,
155.91,-0.64515,-0.707219,0,0.64515,0.707219,0.208109,
156.01,-0.64515,-0.707219,0,0.64515,0.707219,0.208109,
156.11,-0.64515,-0.707219,0,0.64515,0.707219,0.208109,
156.21,-0.64515,-0.707219,0,0.64515,0.707218,0.208109,
156.31,-0.64515,-0.707219,0,0.64515,0.707218,0.208109,
156.41,-0.64515,-0.707219,0,0.64515,0.707218,0.208109,
156.51,-0.64515,-0.707219,0,0.64515,0.707219,0.208109,
156.61,-0.64515,-0.707219,0,0.64515,0.707219,0.208109,
156.71,-0.64515,-0.707219,0,0.64515,0.707219,0.208109,
156.81,-0.64515,-0.707219,0,0.64515,0.707219,0.208109,
156.91,-0.64515,-0.707219,0,0.64515,0.707219,0.208109,
157.01,-0.64515,-0.707219,0,0.64515,0.707218,0.208109,
157.11,-0.64515,-0.707219,0,0.64515,0.707219,0.208109,
157.21,-0.64515,-0.707219,0,0.64515,0.707219,0.208109,
157.31,-0.64515,-0.707219,0,0.64515,0.707219,0.208109,
157.41,-0.64515,-0.707219,0,0.64515,0.707219,0.208109,
157.51,-0.64515,-0.707219,0,0.64515,0.707219,0.208109,
157.61,-0.64515,-0.707219,0,0.64515,0.707219,0.208109,
157.71,-0.64515,-0.707219,0,0.64515,0.707219,0.208109,
157.81,-0.64515,-0.707219,0,0.64515,0.707219,0.208109,
157.91,-0.64515,-0.707219,0,0.64515,0.707219,0.208109,
158.01,-0.64515,-0.707219,0,0.64515,0.707219,0.208109,
158.11,-0.64515,-0.707219,0,0.64515,0.707219,0.208109,
158.21,-0.64515,-0.707219,0,0.64515,0.707219,0.208109,
158.31,-0.64515,-0.707219,0,0.64515,0.707219,0.208109,
158.41,-0.64515,-0.707219,0,0.64515,0.707219,0.208109,
158.51,-0.64515,-0.707219,0,0.64515,0.707219,0.208109,
158.61,-0.64515,-0.707219,0,0.64515,0.707219,0.208109,
158.71,-0.64515,-0.707219,0,0.64515,0.707219,0.208109,
158.81,-0.64515,-0.707219,0,0.64515,0.707218,0.208109,
158.91,-0.64515,-0.707219,0,0.64515,0.707218,0.208109,
159.01,-0.64515,-0.707219,0,0.64515,0.707218,0.208109,
159.11,-0.64515,-0.707219,0,0.64515,0.707219,0.208109,
159.21,-0.64515,-0.707219,0,0.64515,0.707219,0.208109,
159.31,-0.64515,-0.707219,0,0.64515,0.707218,0.208109,
159.41,-0.64515,-0.707219,0,0.64515,0.707218,0.208109,
159.51,-0.64515,-0.707219,0,0.64515,0.707219,0.208109,
159.61,-0.64515,-0.707219,0,0.64515,0.707219,0.208109,
159.71,-0.64515,-0.707219,0,0.64515,0.707219,0.208109,
159.81,-0.64515,-0.707219,0,0.64515,0.707219,0.208109,
159.91,-0.64515,-0.707219,0,0.64515,0.707218,0.208109,
