0.005,0.501255,0.238127,0.133336,1.0027,0.504961,0.533362,
0.105,0.503688,-0.171381,0.131038,1.02749,0.200652,0.527939,
0.205,0.468977,-0.487326,0.125722,1.02754,-0.0130486,0.527938,
0.305,0.399359,-0.722985,0.11124,1.01913,-0.157684,0.526515,
0.405,0.295589,-0.879101,0.0865619,0.999194,-0.238593,0.519047,
0.505,0.163352,-0.962728,0.0568208,0.974125,-0.258956,0.504778,
0.605,0.013994,-0.994936,0.0314851,0.949824,-0.224497,0.486172,
0.705,-0.141627,-0.999439,0.016943,0.931387,-0.144871,0.466974,
0.805,-0.29731,-0.992592,0.00935414,0.922612,-0.0305003,0.450763,
0.905,-0.450872,-0.983264,0.00523825,0.926306,0.11044,0.440554,
1.005,-0.602433,-0.976511,0.0029565,0.936351,0.272407,0.438377,
1.105,-0.753179,-0.973404,0.0016762,0.936351,0.451877,0.438377,
1.205,-0.876181,-0.97205,0.000952753,0.936351,0.643174,0.438377,
1.305,-0.927535,-0.971457,0.00054234,0.936351,0.796623,0.438377,
1.405,-0.936351,-0.971197,0.000308991,0.936351,0.886661,0.438377,
1.505,-0.936351,-0.971084,0.000176161,0.936351,0.932904,0.438377,
1.605,-0.936351,-0.971034,0.000100458,0.936351,0.954453,0.438377,
1.705,-0.936351,-0.971012,5.7292e-05,0.936351,0.963952,0.438377,
1.805,-0.936351,-0.971002,3.26777e-05,0.936351,0.968023,0.438377,
1.905,-0.936351,-0.970998,1.86406e-05,0.936351,0.969743,0.438377,
2.005,-0.936351,-0.970996,1.06335e-05,0.936351,0.970468,0.438377,
2.105,-0.936351,-0.970995,6.06651e-06,0.936351,0.970771,0.438377,
2.205,-0.936351,-0.970995,3.4553e-06,0.936351,0.970903,0.438377,
2.305,-0.936351,-0.970995,1.96912e-06,0.936351,0.970957,0.438377,
2.405,-0.936351,-0.970995,1.12386e-06,0.936351,0.970978,0.438377,
2.505,-0.936351,-0.970995,6.42438e-07,0.936351,0.970989,0.438377,
2.605,-0.936351,-0.970995,3.7939e-07,0.936351,0.970991,0.438377,
2.705,-0.936351,-0.970995,2.21978e-07,0.936351,0.970992,0.438377,
2.805,-0.936351,-0.970995,1.16126e-07,0.936351,0.970994,0.438377,
2.905,-0.936351,-0.970995,4.71015e-08,0.936351,0.970997,0.438377,
3.005,-0.936351,-0.970995,1.84967e-08,0.936351,0.970999,0.438377,
3.105,-0.936351,-0.970995,3.89024e-09,0.936351,0.970999,0.438377,
3.205,-0.936351,-0.970995,0,0.936351,0.970998,0.438377,
3.305,-0.936351,-0.970995,0,0.936351,0.970997,0.438377,
3.405,-0.936351,-0.970994,0,0.936351,0.970996,0.438377,
3.505,-0.936351,-0.970994,0,0.936351,0.970996,0.438377,
3.605,-0.936351,-0.970994,0,0.936351,0.970995,0.438377,
3.705,-0.936351,-0.970995,0,0.936351,0.970993,0.438377,
3.805,-0.936351,-0.970995,0,0.936351,0.970992,0.438377,
3.905,-0.936351,-0.970995,0,0.936351,0.970991,0.438377,
4.005,-0.936351,-0.970995,0,0.936351,0.970992,0.438377,
4.105,-0.936351,-0.970995,0,0.936351,0.970991,0.438377,
4.205,-0.936351,-0.970995,0,0.936351,0.970992,0.438377,
4.305,-0.936351,-0.970995,0,0.936351,0.970992,0.438377,
4.405,-0.936351,-0.970995,0,0.936351,0.970992,0.438377,
4.505,-0.936351,-0.970995,0,0.936351,0.970993,0.438377,
4.605,-0.936351,-0.970995,0,0.936351,0.970994,0.438377,
4.705,-0.936351,-0.970995,0,0.936351,0.970994,0.438377,
4.805,-0.936351,-0.970995,0,0.936351,0.970994,0.438377,
4.905,-0.936351,-0.970995,0,0.936351,0.970995,0.438377,
5.005,-0.936351,-0.970995,0,0.936351,0.970995,0.438377,
5.105,-0.936351,-0.970994,0,0.936351,0.970995,0.438377,
5.205,-0.936351,-0.970995,0,0.936351,0.970995,0.438377,
5.305,-0.936351,-0.970995,0,0.936351,0.970994,0.438377,
5.405,-0.936351,-0.970995,0,0.936351,0.970995,0.438377,
5.505,-0.936351,-0.970995,0,0.936351,0.970995,0.438377,
5.605,-0.936351,-0.970995,0,0.936351,0.970995,0.438377,
5.705,-0.936351,-0.970995,0,0.936351,0.970994,0.438377,
5.805,-0.936351,-0.970995,0,0.936351,0.970994,0.438377,
5.905,-0.936351,-0.970995,0,0.936351,0.970994,0.438377,
6.005,-0.936351,-0.970995,0,0.936351,0.970995,0.438377,
6.105,-0.936351,-0.970995,0,0.936351,0.970995,0.438377,
6.205,-0.936351,-0.970995,0,0.936351,0.970995,0.438377,
6.305,-0.936351,-0.970995,0,0.936351,0.970995,0.438377,
6.405,-0.936351,-0.970995,0,0.936351,0.970995,0.438377,
6.505,-0.936351,-0.970995,0,0.936351,0.970995,0.438377,
6.605,-0.936351,-0.970995,0,0.936351,0.970995,0.438377,
6.705,-0.936351,-0.970995,0,0.936351,0.970995,0.438377,
6.805,-0.936351,-0.970995,0,0.936351,0.970994,0.438377,
6.905,-0.936351,-0.970995,0,0.936351,0.970994,0.438377,
7.005,-0.936351,-0.970995,0,0.936351,0.970994,0.438377,
7.105,-0.936351,-0.970995,0,0.936351,0.970994,0.438377,
7.205,-0.936351,-0.970995,0,0.936351,0.970994,0.438377,
7.305,-0.936351,-0.970995,0,0.936351,0.970995,0.438377,
7.405,-0.936351,-0.970995,0,0.936351,0.970995,0.438377,
7.505,-0.936351,-0.970995,0,0.936351,0.970994,0.438377,
7.605,-0.936351,-0.970995,0,0.936351,0.970994,0.438377,
7.705,-0.936351,-0.970995,0,0.936351,0.970994,0.438377,
7.805,-0.936351,-0.970995,0,0.936351,0.970995,0.438377,
7.905,-0.936351,-0.970995,0,0.936351,0.970995,0.438377,
8.005,-0.936351,-0.970995,0,0.936351,0.970994,0.438377,
8.105,-0.936351,-0.970995,0,0.936351,0.970994,0.438377,
8.205,-0.936351,-0.970995,0,0.936351,0.970994,0.438377,
8.305,-0.936351,-0.970995,0,0.936351,0.970995,0.438377,
8.405,-0.936351,-0.970995,0,0.936351,0.970995,0.438377,
8.505,-0.936351,-0.970995,0,0.936351,0.970995,0.438377,
8.605,-0.936351,-0.970995,0,0.936351,0.970995,0.438377,
8.705,-0.936351,-0.970995,0,0.936351,0.970995,0.438377,
8.805,-0.936351,-0.970995,0,0.936351,0.970994,0.438377,
8.905,-0.936351,-0.970995,0,0.936351,0.970995,0.438377,
9.005,-0.936351,-0.970995,0,0.936351,0.970995,0.438377,
9.105,-0.936351,-0.970995,0,0.936351,0.970995,0.438377,
9.205,-0.936351,-0.970995,0,0.936351,0.970995,0.438377,
9.305,-0.936351,-0.970995,0,0.936351,0.970995,0.438377,
9.405,-0.936351,-0.970995,0,0.936351,0.970994,0.438377,
9.505,-0.936351,-0.970995,0,0.936351,0.970994,0.438377,
9.605,-0.936351,-0.970995,0,0.936351,0.970995,0.438377,
9.705,-0.936351,-0.970995,0,0.936351,0.970995,0.438377,
9.805,-0.936351,-0.970995,0,0.936351,0.970994,0.438377,
9.905,-0.936351,-0.970995,0,0.936351,0.970994,0.438377,
10.005,-0.936351,-0.970995,0,0.936351,0.970994,0.438377,
10.105,-0.936351,-0.970995,0,0.936351,0.970995,0.438377,
10.205,-0.936351,-0.970995,0,0.936351,0.970995,0.438377,
10.305,-0.936351,-0.970995,0,0.936351,0.970995,0.438377,
10.405,-0.936351,-0.970995,0,0.936351,0.970995,0.438377,
10.505,-0.936351,-0.970995,0,0.936351,0.970995,0.438377,
10.605,-0.936351,-0.970995,0,0.936351,0.970995,0.438377,
10.705,-0.936351,-0.970995,0,0.936351,0.970995,0.438377,
10.805,-0.936351,-0.970995,0,0.936351,0.970995,0.438377,
10.905,-0.936351,-0.970995,0,0.936351,0.970994,0.438377,
11.005,-0.936351,-0.970995,0,0.936351,0.970994,0.438377,
11.105,-0.936351,-0.970995,0,0.936351,0.970995,0.438377,
11.205,-0.936351,-0.970995,0,0.936351,0.970995,0.438377,
11.305,-0.936351,-0.970995,0,0.936351,0.970995,0.438377,
11.405,-0.936351,-0.970995,0,0.936351,0.970994,0.438377,
11.505,-0.936351,-0.970995,0,0.936351,0.970995,0.438377,
11.605,-0.936351,-0.970995,0,0.936351,0.970995,0.438377,
11.705,-0.936351,-0.970995,0,0.936351,0.970995,0.438377,
11.805,-0.936351,-0.970995,0,0.936351,0.970995,0.438377,
11.905,-0.936351,-0.970995,0,0.936351,0.970995,0.438377,
12.005,-0.936351,-0.970995,0,0.936351,0.970995,0.438377,
12.105,-0.936351,-0.970995,0,0.936351,0.970995,0.438377,
12.205,-0.936351,-0.970995,0,0.936351,0.970994,0.438377,
12.305,-0.936351,-0.970995,0,0.936351,0.970994,0.438377,
12.405,-0.936351,-0.970995,0,0.936351,0.970995,0.438377,
12.505,-0.936351,-0.970995,0,0.936351,0.970995,0.438377,
12.605,-0.936351,-0.970995,0,0.936351,0.970995,0.438377,
12.705,-0.936351,-0.970995,0,0.936351,0.970994,0.438377,
12.805,-0.936351,-0.970995,0,0.936351,0.970994,0.438377,
12.905,-0.936351,-0.970995,0,0.936351,0.970995,0.438377,
13.005,-0.936351,-0.970995,0,0.936351,0.970995,0.438377,
13.105,-0.936351,-0.970995,0,0.936351,0.970995,0.438377,
13.205,-0.936351,-0.970995,0,0.936351,0.970994,0.438377,
13.305,-0.936351,-0.970995,0,0.936351,0.970994,0.438377,
13.405,-0.936351,-0.970995,0,0.936351,0.970994,0.438377,
13.505,-0.936351,-0.970995,0,0.936351,0.970995,0.438377,
13.605,-0.936351,-0.970995,0,0.936351,0.970995,0.438377,
13.705,-0.936351,-0.970995,0,0.936351,0.970995,0.438377,
13.805,-0.936351,-0.970995,0,0.936351,0.970995,0.438377,
13.905,-0.936351,-0.970995,0,0.936351,0.970995,0.438377,
14.005,-0.936351,-0.970995,0,0.936351,0.970995,0.438377,
14.105,-0.936351,-0.970995,0,0.936351,0.970995,0.438377,
14.205,-0.936351,-0.970995,0,0.936351,0.970995,0.438377,
14.305,-0.936351,-0.970995,0,0.936351,0.970995,0.438377,
14.405,-0.936351,-0.970995,0,0.936351,0.970995,0.438377,
14.505,-0.936351,-0.970995,0,0.936351,0.970995,0.438377,
14.605,-0.936351,-0.970995,0,0.936351,0.970995,0.438377,
14.705,-0.936351,-0.970995,0,0.936351,0.970995,0.438377,
14.805,-0.936351,-0.970995,0,0.936351,0.970995,0.438377,
14.905,-0.936351,-0.970995,0,0.936351,0.970995,0.438377,
15.005,-0.936351,-0.970995,0,0.936351,0.970995,0.438377,
15.105,-0.936351,-0.970995,0,0.936351,0.970995,0.438377,
15.205,-0.936351,-0.970995,0,0.936351,0.970995,0.438377,
15.305,-0.936351,-0.970995,0,0.936351,0.970995,0.438377,
15.405,-0.936351,-0.970995,0,0.936351,0.970995,0.438377,
15.505,-0.936351,-0.970995,0,0.936351,0.970994,0.438377,
15.605,-0.936351,-0.970995,0,0.936351,0.970994,0.438377,
15.705,-0.936351,-0.970995,0,0.936351,0.970994,0.438377,
15.805,-0.936351,-0.970995,0,0.936351,0.970995,0.438377,
15.905,-0.936351,-0.970995,0,0.936351,0.970995,0.438377,
16.005,-0.936351,-0.970995,0,0.936351,0.970994,0.438377,
16.105,-0.936351,-0.970995,0,0.936351,0.970994,0.438377,
16.205,-0.936351,-0.970995,0,0.936351,0.970994,0.438377,
16.305,-0.936351,-0.970995,0,0.936351,0.970995,0.438377,
16.405,-0.936351,-0.970995,0,0.936351,0.970994,0.438377,
16.505,-0.936351,-0.970995,0,0.936351,0.970994,0.438377,
16.605,-0.936351,-0.970995,0,0.936351,0.970994,0.438377,
16.705,-0.936351,-0.970995,0,0.936351,0.970994,0.438377,
16.805,-0.936351,-0.970995,0,0.936351,0.970994,0.438377,
16.905,-0.936351,-0.970995,0,0.936351,0.970994,0.438377,
17.005,-0.936351,-0.970995,0,0.936351,0.970994,0.438377,
17.105,-0.936351,-0.970995,0,0.936351,0.970994,0.438377,
17.205,-0.936351,-0.970995,0,0.936351,0.970994,0.438377,
17.305,-0.936351,-0.970995,0,0.936351,0.970994,0.438377,
17.405,-0.936351,-0.970995,0,0.936351,0.970995,0.438377,
17.505,-0.936351,-0.970995,0,0.936351,0.970995,0.438377,
17.605,-0.936351,-0.970995,0,0.936351,0.970995,0.438377,
17.705,-0.936351,-0.970995,0,0.936351,0.970995,0.438377,
17.805,-0.936351,-0.970994,0,0.936351,0.970995,0.438377,
17.905,-0.936351,-0.970994,0,0.936351,0.970995,0.438377,
18.005,-0.936351,-0.970995,0,0.936351,0.970995,0.438377,
18.105,-0.936351,-0.970995,0,0.936351,0.970995,0.438377,
18.205,-0.936351,-0.970995,0,0.936351,0.970994,0.438377,
18.305,-0.936351,-0.970995,0,0.936351,0.970994,0.438377,
18.405,-0.936351,-0.970995,0,0.936351,0.970994,0.438377,
18.505,-0.936351,-0.970995,0,0.936351,0.970994,0.438377,
18.605,-0.936351,-0.970995,0,0.936351,0.970995,0.438377,
18.705,-0.936351,-0.970995,0,0.936351,0.970995,0.438377,
18.805,-0.936351,-0.970995,0,0.936351,0.970995,0.438377,
18.905,-0.936351,-0.970995,0,0.936351,0.970994,0.438377,
19.005,-0.936351,-0.970995,0,0.936351,0.970994,0.438377,
19.105,-0.936351,-0.970995,0,0.936351,0.970994,0.438377,
19.205,-0.936351,-0.970995,0,0.936351,0.970995,0.438377,
19.305,-0.936351,-0.970995,0,0.936351,0.970995,0.438377,
19.405,-0.936351,-0.970995,0,0.936351,0.970995,0.438377,
19.505,-0.936351,-0.970995,0,0.936351,0.970995,0.438377,
19.605,-0.936351,-0.970995,0,0.936351,0.970995,0.438377,
19.705,-0.936351,-0.970994,0,0.936351,0.970995,0.438377,
19.805,-0.936351,-0.970995,0,0.936351,0.970995,0.438377,
19.905,-0.936351,-0.970995,0,0.936351,0.970994,0.438377,
20.005,-0.936351,-0.970995,0,0.936351,0.970994,0.438377,
20.105,-0.936351,-0.970995,0,0.936351,0.970994,0.438377,
20.205,-0.936351,-0.970995,0,0.936351,0.970995,0.438377,
20.305,-0.936351,-0.970995,0,0.936351,0.970994,0.438377,
20.405,-0.936351,-0.970995,0,0.936351,0.970995,0.438377,
20.505,-0.936351,-0.970995,0,0.936351,0.970995,0.438377,
20.605,-0.936351,-0.970995,0,0.936351,0.970994,0.438377,
20.705,-0.936351,-0.970995,0,0.936351,0.970994,0.438377,
20.805,-0.936351,-0.970995,0,0.936351,0.970994,0.438377,
20.905,-0.936351,-0.970995,0,0.936351,0.970995,0.438377,
21.005,-0.936351,-0.970995,0,0.936351,0.970995,0.438377,
21.105,-0.936351,-0.970995,0,0.936351,0.970995,0.438377,
21.205,-0.936351,-0.970995,0,0.936351,0.970995,0.438377,
21.305,-0.936351,-0.970995,0,0.936351,0.970995,0.438377,
21.405,-0.936351,-0.970995,0,0.936351,0.970995,0.438377,
21.505,-0.936351,-0.970995,0,0.936351,0.970995,0.438377,
21.605,-0.936351,-0.970995,0,0.936351,0.970995,0.438377,
21.705,-0.936351,-0.970995,0,0.936351,0.970995,0.438377,
21.805,-0.936351,-0.970995,0,0.936351,0.970995,0.438377,
21.905,-0.936351,-0.970995,0,0.936351,0.970994,0.438377,
22.005,-0.936351,-0.970995,0,0.936351,0.970994,0.438377,
22.105,-0.936351,-0.970995,0,0.936351,0.970995,0.438377,
22.205,-0.936351,-0.970995,0,0.936351,0.970995,0.438377,
22.305,-0.936351,-0.970995,0,0.936351,0.970995,0.438377,
22.405,-0.936351,-0.970995,0,0.936351,0.970994,0.438377,
22.505,-0.936351,-0.970995,0,0.936351,0.970994,0.438377,
22.605,-0.936351,-0.970995,0,0.936351,0.970994,0.438377,
22.705,-0.936351,-0.970995,0,0.936351,0.970994,0.438377,
22.805,-0.936351,-0.970995,0,0.936351,0.970995,0.438377,
22.905,-0.936351,-0.970995,0,0.936351,0.970995,0.438377,
23.005,-0.936351,-0.970995,0,0.936351,0.970994,0.438377,
23.105,-0.936351,-0.970995,0,0.936351,0.970994,0.438377,
23.205,-0.936351,-0.970995,0,0.936351,0.970994,0.438377,
23.305,-0.936351,-0.970995,0,0.936351,0.970994,0.438377,
23.405,-0.936351,-0.970995,0,0.936351,0.970994,0.438377,
23.505,-0.936351,-0.970995,0,0.936351,0.970994,0.438377,
23.605,-0.936351,-0.970995,0,0.936351,0.970994,0.438377,
23.705,-0.936351,-0.970995,0,0.936351,0.970994,0.438377,
23.805,-0.936351,-0.970995,0,0.936351,0.970994,0.438377,
23.905,-0.936351,-0.970995,0,0.936351,0.970994,0.438377,
24.005,-0.936351,-0.970995,0,0.936351,0.970994,0.438377,
24.105,-0.936351,-0.970995,0,0.936351,0.970995,0.438377,
24.205,-0.936351,-0.970995,0,0.936351,0.970995,0.438377,
24.305,-0.936351,-0.970995,0,0.936351,0.970995,0.438377,
24.405,-0.936351,-0.970995,0,0.936351,0.970995,0.438377,
24.505,-0.936351,-0.970995,0,0.936351,0.970995,0.438377,
24.605,-0.936351,-0.970995,0,0.936351,0.970994,0.438377,
24.705,-0.936351,-0.970995,0,0.936351,0.970995,0.438377,
24.805,-0.936351,-0.970995,0,0.936351,0.970995,0.438377,
24.905,-0.936351,-0.970995,0,0.936351,0.970995,0.438377,
25.005,-0.936351,-0.970995,0,0.936351,0.970995,0.438377,
25.105,-0.936351,-0.970995,0,0.936351,0.970995,0.438377,
25.205,-0.936351,-0.970995,0,0.936351,0.970995,0.438377,
25.305,-0.936351,-0.970995,0,0.936351,0.970995,0.438377,
25.405,-0.936351,-0.970995,0,0.936351,0.970995,0.438377,
25.505,-0.936351,-0.970994,0,0.936351,0.970995,0.438377,
25.605,-0.936351,-0.970995,0,0.936351,0.970995,0.438377,
25.705,-0.936351,-0.970995,0,0.936351,0.970995,0.438377,
25.805,-0.936351,-0.970995,0,0.936351,0.970994,0.438377,
25.905,-0.936351,-0.970995,0,0.936351,0.970994,0.438377,
26.005,-0.936351,-0.970995,0,0.936351,0.970994,0.438377,
26.105,-0.936351,-0.970995,0,0.936351,0.970994,0.438377,
26.205,-0.936351,-0.970995,0,0.936351,0.970995,0.438377,
26.305,-0.936351,-0.970995,0,0.936351,0.970994,0.438377,
26.405,-0.936351,-0.970995,0,0.936351,0.970994,0.438377,
26.505,-0.936351,-0.970995,0,0.936351,0.970995,0.438377,
26.605,-0.936351,-0.970995,0,0.936351,0.970995,0.438377,
26.705,-0.936351,-0.970995,0,0.936351,0.970995,0.438377,
26.805,-0.936351,-0.970995,0,0.936351,0.970994,0.438377,
26.905,-0.936351,-0.970995,0,0.936351,0.970994,0.438377,
27.005,-0.936351,-0.970995,0,0.936351,0.970995,0.438377,
27.105,-0.936351,-0.970995,0,0.936351,0.970995,0.438377,
27.205,-0.936351,-0.970995,0,0.936351,0.970995,0.438377,
27.305,-0.936351,-0.970995,0,0.936351,0.970994,0.438377,
27.405,-0.936351,-0.970995,0,0.936351,0.970994,0.438377,
27.505,-0.936351,-0.970995,0,0.936351,0.970995,0.438377,
27.605,-0.936351,-0.970994,0,0.936351,0.970995,0.438377,
27.705,-0.936351,-0.970995,0,0.936351,0.970995,0.438377,
27.805,-0.936351,-0.970995,0,0.936351,0.970994,0.438377,
27.905,-0.936351,-0.970995,0,0.936351,0.970995,0.438377,
28.005,-0.936351,-0.970995,0,0.936351,0.970995,0.438377,
28.105,-0.936351,-0.970994,0,0.936351,0.970995,0.438377,
28.205,-0.936351,-0.970995,0,0.936351,0.970995,0.438377,
28.305,-0.936351,-0.970995,0,0.936351,0.970994,0.438377,
28.405,-0.936351,-0.970995,0,0.936351,0.970994,0.438377,
28.505,-0.936351,-0.970995,0,0.936351,0.970994,0.438377,
28.605,-0.936351,-0.970995,0,0.936351,0.970995,0.438377,
28.705,-0.936351,-0.970995,0,0.936351,0.970995,0.438377,
28.805,-0.936351,-0.970995,0,0.936351,0.970994,0.438377,
28.905,-0.936351,-0.970995,0,0.936351,0.970994,0.438377,
29.005,-0.936351,-0.970995,0,0.936351,0.970994,0.438377,
29.105,-0.936351,-0.970995,0,0.936351,0.970995,0.438377,
29.205,-0.936351,-0.970995,0,0.936351,0.970995,0.438377,
29.305,-0.936351,-0.970995,0,0.936351,0.970995,0.438377,
29.405,-0.936351,-0.970995,0,0.936351,0.970994,0.438377,
29.505,-0.936351,-0.970995,0,0.936351,0.970994,0.438377,
29.605,-0.936351,-0.970995,0,0.936351,0.970995,0.438377,
29.705,-0.936351,-0.970995,0,0.936351,0.970995,0.438377,
29.805,-0.936351,-0.970995,0,0.936351,0.970995,0.438377,
29.905,-0.936351,-0.970995,0,0.936351,0.970994,0.438377,
30.005,-0.936351,-0.970995,0,0.936351,0.970994,0.438377,
30.105,-0.936351,-0.970995,0,0.936351,0.970995,0.438377,
30.205,-0.936351,-0.970995,0,0.936351,0.970995,0.438377,
30.305,-0.936351,-0.970995,0,0.936351,0.970995,0.438377,
30.405,-0.936351,-0.970995,0,0.936351,0.970994,0.438377,
30.505,-0.936351,-0.970995,0,0.936351,0.970994,0.438377,
30.605,-0.936351,-0.970995,0,0.936351,0.970994,0.438377,
30.705,-0.936351,-0.970995,0,0.936351,0.970995,0.438377,
30.805,-0.936351,-0.970995,0,0.936351,0.970995,0.438377,
30.905,-0.936351,-0.970995,0,0.936351,0.970994,0.438377,
31.005,-0.936351,-0.970995,0,0.936351,0.970995,0.438377,
31.105,-0.936351,-0.970995,0,0.936351,0.970995,0.438377,
31.205,-0.936351,-0.970994,0,0.936351,0.970995,0.438377,
31.305,-0.936351,-0.970995,0,0.936351,0.970995,0.438377,
31.405,-0.936351,-0.970995,0,0.936351,0.970995,0.438377,
31.505,-0.936351,-0.970995,0,0.936351,0.970995,0.438377,
31.605,-0.936351,-0.970995,0,0.936351,0.970995,0.438377,
31.705,-0.936351,-0.970995,0,0.936351,0.970994,0.438377,
31.805,-0.936351,-0.970995,0,0.936351,0.970994,0.438377,
31.905,-0.936351,-0.970995,0,0.936351,0.970995,0.438377,
32.005,-0.936351,-0.970994,0,0.936351,0.970995,0.438377,
32.105,-0.936351,-0.970995,0,0.936351,0.970995,0.438377,
32.205,-0.936351,-0.970995,0,0.936351,0.970994,0.438377,
32.305,-0.936351,-0.970995,0,0.936351,0.970994,0.438377,
32.405,-0.936351,-0.970995,0,0.936351,0.970994,0.438377,
32.505,-0.936351,-0.970995,0,0.936351,0.970994,0.438377,
32.605,-0.936351,-0.970995,0,0.936351,0.970994,0.438377,
32.705,-0.936351,-0.970995,0,0.936351,0.970995,0.438377,
32.805,-0.936351,-0.970995,0,0.936351,0.970995,0.438377,
32.905,-0.936351,-0.970995,0,0.936351,0.970995,0.438377,
33.005,-0.936351,-0.970995,0,0.936351,0.970994,0.438377,
33.105,-0.936351,-0.970995,0,0.936351,0.970994,0.438377,
33.205,-0.936351,-0.970995,0,0.936351,0.970995,0.438377,
33.305,-0.936351,-0.970995,0,0.936351,0.970995,0.438377,
33.405,-0.936351,-0.970995,0,0.936351,0.970995,0.438377,
33.505,-0.936351,-0.970995,0,0.936351,0.970994,0.438377,
33.605,-0.936351,-0.970995,0,0.936351,0.970994,0.438377,
33.705,-0.936351,-0.970995,0,0.936351,0.970995,0.438377,
33.805,-0.936351,-0.970994,0,0.936351,0.970995,0.438377,
33.905,-0.936351,-0.970995,0,0.936351,0.970995,0.438377,
34.005,-0.936351,-0.970995,0,0.936351,0.970995,0.438377,
34.105,-0.936351,-0.970995,0,0.936351,0.970995,0.438377,
34.205,-0.936351,-0.970995,0,0.936351,0.970995,0.438377,
34.305,-0.936351,-0.970995,0,0.936351,0.970994,0.438377,
34.405,-0.936351,-0.970995,0,0.936351,0.970994,0.438377,
34.505,-0.936351,-0.970995,0,0.936351,0.970995,0.438377,
34.605,-0.936351,-0.970995,0,0.936351,0.970995,0.438377,
34.705,-0.936351,-0.970995,0,0.936351,0.970995,0.438377,
34.805,-0.936351,-0.970995,0,0.936351,0.970994,0.438377,
34.905,-0.936351,-0.970995,0,0.936351,0.970994,0.438377,
35.005,-0.936351,-0.970995,0,0.936351,0.970995,0.438377,
35.105,-0.936351,-0.970995,0,0.936351,0.970995,0.438377,
35.205,-0.936351,-0.970995,0,0.936351,0.970995,0.438377,
35.305,-0.936351,-0.970995,0,0.936351,0.970994,0.438377,
35.405,-0.936351,-0.970995,0,0.936351,0.970994,0.438377,
35.505,-0.936351,-0.970995,0,0.936351,0.970995,0.438377,
35.605,-0.936351,-0.970995,0,0.936351,0.970995,0.438377,
35.705,-0.936351,-0.970995,0,0.936351,0.970995,0.438377,
35.805,-0.936351,-0.970995,0,0.936351,0.970994,0.438377,
35.905,-0.936351,-0.970995,0,0.936351,0.970995,0.438377,
36.005,-0.936351,-0.970995,0,0.936351,0.970995,0.438377,
36.105,-0.936351,-0.970994,0,0.936351,0.970995,0.438377,
36.205,-0.936351,-0.970995,0,0.936351,0.970995,0.438377,
36.305,-0.936351,-0.970995,0,0.936351,0.970995,0.438377,
36.405,-0.936351,-0.970995,0,0.936351,0.970995,0.438377,
36.505,-0.936351,-0.970995,0,0.936351,0.970995,0.438377,
36.605,-0.936351,-0.970995,0,0.936351,0.970994,0.438377,
36.705,-0.936351,-0.970995,0,0.936351,0.970994,0.438377,
36.805,-0.936351,-0.970995,0,0.936351,0.970995,0.438377,
36.905,-0.936351,-0.970994,0,0.936351,0.970995,0.438377,
37.005,-0.936351,-0.970994,0,0.936351,0.970995,0.438377,
37.105,-0.936351,-0.970995,0,0.936351,0.970994,0.438377,
37.205,-0.936351,-0.970995,0,0.936351,0.970994,0.438377,
37.305,-0.936351,-0.970995,0,0.936351,0.970995,0.438377,
37.405,-0.936351,-0.970995,0,0.936351,0.970995,0.438377,
37.505,-0.936351,-0.970995,0,0.936351,0.970995,0.438377,
37.605,-0.936351,-0.970995,0,0.936351,0.970994,0.438377,
37.705,-0.936351,-0.970995,0,0.936351,0.970994,0.438377,
37.805,-0.936351,-0.970995,0,0.936351,0.970994,0.438377,
37.905,-0.936351,-0.970994,0,0.936351,0.970995,0.438377,
38.005,-0.936351,-0.970995,0,0.936351,0.970995,0.438377,
38.105,-0.936351,-0.970995,0,0.936351,0.970995,0.438377,
38.205,-0.936351,-0.970995,0,0.936351,0.970995,0.438377,
38.305,-0.936351,-0.970995,0,0.936351,0.970995,0.438377,
38.405,-0.936351,-0.970994,0,0.936351,0.970995,0.438377,
38.505,-0.936351,-0.970994,0,0.936351,0.970995,0.438377,
38.605,-0.936351,-0.970995,0,0.936351,0.970995,0.438377,
38.705,-0.936351,-0.970995,0,0.936351,0.970995,0.438377,
38.805,-0.936351,-0.970995,0,0.936351,0.970995,0.438377,
38.905,-0.936351,-0.970995,0,0.936351,0.970994,0.438377,
39.005,-0.936351,-0.970995,0,0.936351,0.970995,0.438377,
39.105,-0.936351,-0.970994,0,0.936351,0.970995,0.438377,
39.205,-0.936351,-0.970994,0,0.936351,0.970995,0.438377,
39.305,-0.936351,-0.970995,0,0.936351,0.970995,0.438377,
39.405,-0.936351,-0.970995,0,0.936351,0.970995,0.438377,
39.505,-0.936351,-0.970995,0,0.936351,0.970995,0.438377,
39.605,-0.936351,-0.970995,0,0.936351,0.970995,0.438377,
39.705,-0.936351,-0.970994,0,0.936351,0.970995,0.438377,
39.805,-0.936351,-0.970994,0,0.936351,0.970995,0.438377,
39.905,-0.936351,-0.970994,0,0.936351,0.970995,0.438377,
40.005,-0.936351,-0.970995,0,0.936351,0.970995,0.438377,
40.105,-0.936351,-0.970995,0,0.936351,0.970994,0.438377,
40.205,-0.936351,-0.970994,0,0.936351,0.970995,0.438377,
40.305,-0.936351,-0.970995,0,0.936351,0.970994,0.438377,
40.405,-0.936351,-0.970995,0,0.936351,0.970994,0.438377,
40.505,-0.936351,-0.970995,0,0.936351,0.970995,0.438377,
40.605,-0.936351,-0.970995,0,0.936351,0.970995,0.438377,
40.705,-0.936351,-0.970995,0,0.936351,0.970995,0.438377,
40.805,-0.936351,-0.970995,0,0.936351,0.970995,0.438377,
40.905,-0.936351,-0.970995,0,0.936351,0.970994,0.438377,
41.005,-0.936351,-0.970995,0,0.936351,0.970994,0.438377,
41.105,-0.936351,-0.970995,0,0.936351,0.970995,0.438377,
41.205,-0.936351,-0.970995,0,0.936351,0.970994,0.438377,
41.305,-0.936351,-0.970995,0,0.936351,0.970994,0.438377,
41.405,-0.936351,-0.970995,0,0.936351,0.970995,0.438377,
41.505,-0.936351,-0.970995,0,0.936351,0.970995,0.438377,
41.605,-0.936351,-0.970995,0,0.936351,0.970995,0.438377,
41.705,-0.936351,-0.970995,0,0.936351,0.970995,0.438377,
41.805,-0.936351,-0.970995,0,0.936351,0.970995,0.438377,
41.905,-0.936351,-0.970995,0,0.936351,0.970994,0.438377,
42.005,-0.936351,-0.970995,0,0.936351,0.970995,0.438377,
42.105,-0.936351,-0.970995,0,0.936351,0.970994,0.438377,
42.205,-0.936351,-0.970995,0,0.936351,0.970994,0.438377,
42.305,-0.936351,-0.970995,0,0.936351,0.970995,0.438377,
42.405,-0.936351,-0.970995,0,0.936351,0.970995,0.438377,
42.505,-0.936351,-0.970995,0,0.936351,0.970995,0.438377,
42.605,-0.936351,-0.970995,0,0.936351,0.970995,0.438377,
42.705,-0.936351,-0.970995,0,0.936351,0.970995,0.438377,
42.805,-0.936351,-0.970995,0,0.936351,0.970994,0.438377,
42.905,-0.936351,-0.970995,0,0.936351,0.970994,0.438377,
43.005,-0.936351,-0.970995,0,0.936351,0.970994,0.438377,
43.105,-0.936351,-0.970994,0,0.936351,0.970995,0.438377,
43.205,-0.936351,-0.970994,0,0.936351,0.970995,0.438377,
43.305,-0.936351,-0.970995,0,0.936351,0.970995,0.438377,
43.405,-0.936351,-0.970994,0,0.936351,0.970995,0.438377,
43.505,-0.936351,-0.970995,0,0.936351,0.970995,0.438377,
43.605,-0.936351,-0.970995,0,0.936351,0.970994,0.438377,
43.705,-0.936351,-0.970995,0,0.936351,0.970995,0.438377,
43.805,-0.936351,-0.970994,0,0.936351,0.970995,0.438377,
43.905,-0.936351,-0.970994,0,0.936351,0.970995,0.438377,
44.005,-0.936351,-0.970994,0,0.936351,0.970995,0.438377,
44.105,-0.936351,-0.970995,0,0.936351,0.970994,0.438377,
44.205,-0.936351,-0.970995,0,0.936351,0.970994,0.438377,
44.305,-0.936351,-0.970995,0,0.936351,0.970995,0.438377,
44.405,-0.936351,-0.970995,0,0.936351,0.970995,0.438377,
44.505,-0.936351,-0.970995,0,0.936351,0.970995,0.438377,
44.605,-0.936351,-0.970995,0,0.936351,0.970994,0.438377,
44.705,-0.936351,-0.970995,0,0.936351,0.970994,0.438377,
44.805,-0.936351,-0.970995,0,0.936351,0.970994,0.438377,
44.905,-0.936351,-0.970994,0,0.936351,0.970995,0.438377,
45.005,-0.936351,-0.970995,0,0.936351,0.970995,0.438377,
45.105,-0.936351,-0.970995,0,0.936351,0.970995,0.438377,
45.205,-0.936351,-0.970995,0,0.936351,0.970995,0.438377,
45.305,-0.936351,-0.970995,0,0.936351,0.970994,0.438377,
45.405,-0.936351,-0.970994,0,0.936351,0.970995,0.438377,
45.505,-0.936351,-0.970994,0,0.936351,0.970995,0.438377,
45.605,-0.936351,-0.970994,0,0.936351,0.970995,0.438377,
45.705,-0.936351,-0.970995,0,0.936351,0.970995,0.438377,
45.805,-0.936351,-0.970995,0,0.936351,0.970995,0.438377,
45.905,-0.936351,-0.970995,0,0.936351,0.970995,0.438377,
46.005,-0.936351,-0.970995,0,0.936351,0.970995,0.438377,
46.105,-0.936351,-0.970994,0,0.936351,0.970995,0.438377,
46.205,-0.936351,-0.970994,0,0.936351,0.970995,0.438377,
46.305,-0.936351,-0.970994,0,0.936351,0.970995,0.438377,
46.405,-0.936351,-0.970994,0,0.936351,0.970995,0.438377,
46.505,-0.936351,-0.970995,0,0.936351,0.970995,0.438377,
46.605,-0.936351,-0.970995,0,0.936351,0.970995,0.438377,
46.705,-0.936351,-0.970994,0,0.936351,0.970995,0.438377,
46.805,-0.936351,-0.970994,0,0.936351,0.970995,0.438377,
46.905,-0.936351,-0.970995,0,0.936351,0.970994,0.438377,
47.005,-0.936351,-0.970995,0,0.936351,0.970994,0.438377,
47.105,-0.936351,-0.970995,0,0.936351,0.970994,0.438377,
47.205,-0.936351,-0.970995,0,0.936351,0.970995,0.438377,
47.305,-0.936351,-0.970995,0,0.936351,0.970995,0.438377,
47.405,-0.936351,-0.970995,0,0.936351,0.970994,0.438377,
47.505,-0.936351,-0.970995,0,0.936351,0.970994,0.438377,
47.605,-0.936351,-0.970995,0,0.936351,0.970994,0.438377,
47.705,-0.936351,-0.970994,0,0.936351,0.970995,0.438377,
47.805,-0.936351,-0.970994,0,0.936351,0.970995,0.438377,
47.905,-0.936351,-0.970994,0,0.936351,0.970995,0.438377,
48.005,-0.936351,-0.970994,0,0.936351,0.970995,0.438377,
48.105,-0.936351,-0.970994,0,0.936351,0.970995,0.438377,
48.205,-0.936351,-0.970995,0,0.936351,0.970994,0.438377,
48.305,-0.936351,-0.970995,0,0.936351,0.970995,0.438377,
48.405,-0.936351,-0.970994,0,0.936351,0.970995,0.438377,
48.505,-0.936351,-0.970994,0,0.936351,0.970995,0.438377,
48.605,-0.936351,-0.970994,0,0.936351,0.970995,0.438377,
48.705,-0.936351,-0.970995,0,0.936351,0.970995,0.438377,
48.805,-0.936351,-0.970995,0,0.936351,0.970994,0.438377,
48.905,-0.936351,-0.970995,0,0.936351,0.970994,0.438377,
49.005,-0.936351,-0.970995,0,0.936351,0.970994,0.438377,
49.105,-0.936351,-0.970995,0,0.936351,0.970994,0.438377,
49.205,-0.936351,-0.970995,0,0.936351,0.970994,0.438377,
49.305,-0.936351,-0.970994,0,0.936351,0.970995,0.438377,
49.405,-0.936351,-0.970994,0,0.936351,0.970995,0.438377,
49.505,-0.936351,-0.970994,0,0.936351,0.970995,0.438377,
49.605,-0.936351,-0.970995,0,0.936351,0.970995,0.438377,
49.705,-0.936351,-0.970995,0,0.936351,0.970995,0.438377,
49.805,-0.936351,-0.970994,0,0.936351,0.970995,0.438377,
49.905,-0.936351,-0.970994,0,0.936351,0.970995,0.438377,
50.005,-0.936351,-0.970994,0,0.936351,0.970995,0.438377,
50.105,-0.936351,-0.970995,0,0.936351,0.970994,0.438377,
50.205,-0.936351,-0.970995,0,0.936351,0.970994,0.438377,
50.305,-0.936351,-0.970995,0,0.936351,0.970994,0.438377,
50.405,-0.936351,-0.970995,0,0.936351,0.970994,0.438377,
50.505,-0.936351,-0.970995,0,0.936351,0.970994,0.438377,
50.605,-0.936351,-0.970995,0,0.936351,0.970994,0.438377,
50.705,-0.936351,-0.970994,0,0.936351,0.970995,0.438377,
50.805,-0.936351,-0.970994,0,0.936351,0.970995,0.438377,
50.905,-0.936351,-0.970994,0,0.936351,0.970995,0.438377,
51.005,-0.936351,-0.970995,0,0.936351,0.970995,0.438377,
51.105,-0.936351,-0.970995,0,0.936351,0.970995,0.438377,
51.205,-0.936351,-0.970994,0,0.936351,0.970995,0.438377,
51.305,-0.936351,-0.970994,0,0.936351,0.970995,0.438377,
51.405,-0.936351,-0.970994,0,0.936351,0.970995,0.438377,
51.505,-0.936351,-0.970995,0,0.936351,0.970994,0.438377,
51.605,-0.936351,-0.970995,0,0.936351,0.970994,0.438377,
51.705,-0.936351,-0.970995,0,0.936351,0.970994,0.438377,
51.805,-0.936351,-0.970995,0,0.936351,0.970994,0.438377,
51.905,-0.936351,-0.970995,0,0.936351,0.970994,0.438377,
52.005,-0.936351,-0.970994,0,0.936351,0.970995,0.438377,
52.105,-0.936351,-0.970995,0,0.936351,0.970995,0.438377,
52.205,-0.936351,-0.970995,0,0.936351,0.970995,0.438377,
52.305,-0.936351,-0.970995,0,0.936351,0.970994,0.438377,
52.405,-0.936351,-0.970995,0,0.936351,0.970994,0.438377,
52.505,-0.936351,-0.970995,0,0.936351,0.970994,0.438377,
52.605,-0.936351,-0.970995,0,0.936351,0.970994,0.438377,
52.705,-0.936351,-0.970995,0,0.936351,0.970994,0.438377,
52.805,-0.936351,-0.970994,0,0.936351,0.970995,0.438377,
52.905,-0.936351,-0.970995,0,0.936351,0.970995,0.438377,
53.005,-0.936351,-0.970995,0,0.936351,0.970995,0.438377,
53.105,-0.936351,-0.970995,0,0.936351,0.970994,0.438377,
53.205,-0.936351,-0.970995,0,0.936351,0.970994,0.438377,
53.305,-0.936351,-0.970995,0,0.936351,0.970994,0.438377,
53.405,-0.936351,-0.970995,0,0.936351,0.970994,0.438377,
53.505,-0.936351,-0.970995,0,0.936351,0.970994,0.438377,
53.605,-0.936351,-0.970995,0,0.936351,0.970994,0.438377,
53.705,-0.936351,-0.970995,0,0.936351,0.970995,0.438377,
53.805,-0.936351,-0.970995,0,0.936351,0.970995,0.438377,
53.905,-0.936351,-0.970995,0,0.936351,0.970994,0.438377,
54.005,-0.936351,-0.970995,0,0.936351,0.970995,0.438377,
54.105,-0.936351,-0.970995,0,0.936351,0.970995,0.438377,
54.205,-0.936351,-0.970995,0,0.936351,0.970994,0.438377,
54.305,-0.936351,-0.970995,0,0.936351,0.970995,0.438377,
54.405,-0.936351,-0.970995,0,0.936351,0.970994,0.438377,
54.505,-0.936351,-0.970995,0,0.936351,0.970994,0.438377,
54.605,-0.936351,-0.970995,0,0.936351,0.970995,0.438377,
54.705,-0.936351,-0.970995,0,0.936351,0.970995,0.438377,
54.805,-0.936351,-0.970995,0,0.936351,0.970994,0.438377,
54.905,-0.936351,-0.970995,0,0.936351,0.970995,0.438377,
55.005,-0.936351,-0.970995,0,0.936351,0.970995,0.438377,
55.105,-0.936351,-0.970995,0,0.936351,0.970994,0.438377,
55.205,-0.936351,-0.970995,0,0.936351,0.970995,0.438377,
55.305,-0.936351,-0.970995,0,0.936351,0.970995,0.438377,
55.405,-0.936351,-0.970995,0,0.936351,0.970994,0.438377,
55.505,-0.936351,-0.970995,0,0.936351,0.970995,0.438377,
55.605,-0.936351,-0.970994,0,0.936351,0.970995,0.438377,
55.705,-0.936351,-0.970995,0,0.936351,0.970995,0.438377,
55.805,-0.936351,-0.970995,0,0.936351,0.970995,0.438377,
55.905,-0.936351,-0.970995,0,0.936351,0.970995,0.438377,
56.005,-0.936351,-0.970995,0,0.936351,0.970995,0.438377,
56.105,-0.936351,-0.970995,0,0.936351,0.970995,0.438377,
56.205,-0.936351,-0.970995,0,0.936351,0.970995,0.438377,
56.305,-0.936351,-0.970995,0,0.936351,0.970994,0.438377,
56.405,-0.936351,-0.970995,0,0.936351,0.970994,0.438377,
56.505,-0.936351,-0.970995,0,0.936351,0.970995,0.438377,
56.605,-0.936351,-0.970995,0,0.936351,0.970995,0.438377,
56.705,-0.936351,-0.970995,0,0.936351,0.970995,0.438377,
56.805,-0.936351,-0.970995,0,0.936351,0.970994,0.438377,
56.905,-0.936351,-0.970995,0,0.936351,0.970994,0.438377,
57.005,-0.936351,-0.970995,0,0.936351,0.970995,0.438377,
57.105,-0.936351,-0.970994,0,0.936351,0.970995,0.438377,
57.205,-0.936351,-0.970995,0,0.936351,0.970995,0.438377,
57.305,-0.936351,-0.970995,0,0.936351,0.970994,0.438377,
57.405,-0.936351,-0.970995,0,0.936351,0.970995,0.438377,
57.505,-0.936351,-0.970995,0,0.936351,0.970995,0.438377,
57.605,-0.936351,-0.970994,0,0.936351,0.970995,0.438377,
57.705,-0.936351,-0.970995,0,0.936351,0.970995,0.438377,
57.805,-0.936351,-0.970995,0,0.936351,0.970995,0.438377,
57.905,-0.936351,-0.970995,0,0.936351,0.970994,0.438377,
58.005,-0.936351,-0.970995,0,0.936351,0.970994,0.438377,
58.105,-0.936351,-0.970994,0,0.936351,0.970995,0.438377,
58.205,-0.936351,-0.970995,0,0.936351,0.970995,0.438377,
58.305,-0.936351,-0.970995,0,0.936351,0.970995,0.438377,
58.405,-0.936351,-0.970995,0,0.936351,0.970994,0.438377,
58.505,-0.936351,-0.970995,0,0.936351,0.970994,0.438377,
58.605,-0.936351,-0.970995,0,0.936351,0.970995,0.438377,
58.705,-0.936351,-0.970995,0,0.936351,0.970995,0.438377,
58.805,-0.936351,-0.970995,0,0.936351,0.970995,0.438377,
58.905,-0.936351,-0.970995,0,0.936351,0.970994,0.438377,
59.005,-0.936351,-0.970995,0,0.936351,0.970994,0.438377,
59.105,-0.936351,-0.970995,0,0.936351,0.970995,0.438377,
59.205,-0.936351,-0.970994,0,0.936351,0.970995,0.438377,
59.305,-0.936351,-0.970994,0,0.936351,0.970995,0.438377,
59.405,-0.936351,-0.970995,0,0.936351,0.970994,0.438377,
59.505,-0.936351,-0.970995,0,0.936351,0.970994,0.438377,
59.605,-0.936351,-0.970995,0,0.936351,0.970995,0.438377,
59.705,-0.936351,-0.970994,0,0.936351,0.970995,0.438377,
59.805,-0.936351,-0.970995,0,0.936351,0.970995,0.438377,
59.905,-0.936351,-0.970995,0,0.936351,0.970994,0.438377,
60.005,-0.936351,-0.970995,0,0.936351,0.970994,0.438377,
60.105,-0.936351,-0.970995,0,0.936351,0.970994,0.438377,
60.205,-0.936351,-0.970994,0,0.936351,0.970995,0.438377,
60.305,-0.936351,-0.970995,0,0.936351,0.970995,0.438377,
60.405,-0.936351,-0.970995,0,0.936351,0.970994,0.438377,
60.505,-0.936351,-0.970995,0,0.936351,0.970994,0.438377,
60.605,-0.936351,-0.970995,0,0.936351,0.970994,0.438377,
60.705,-0.936351,-0.970994,0,0.936351,0.970995,0.438377,
60.805,-0.936351,-0.970994,0,0.936351,0.970995,0.438377,
60.905,-0.936351,-0.970995,0,0.936351,0.970995,0.438377,
61.005,-0.936351,-0.970995,0,0.936351,0.970995,0.438377,
61.105,-0.936351,-0.970994,0,0.936351,0.970995,0.438377,
61.205,-0.936351,-0.970995,0,0.936351,0.970994,0.438377,
61.305,-0.936351,-0.970995,0,0.936351,0.970995,0.438377,
61.405,-0.936351,-0.970995,0,0.936351,0.970995,0.438377,
61.505,-0.936351,-0.970994,0,0.936351,0.970995,0.438377,
61.605,-0.936351,-0.970994,0,0.936351,0.970995,0.438377,
61.705,-0.936351,-0.970995,0,0.936351,0.970994,0.438377,
61.805,-0.936351,-0.970995,0,0.936351,0.970994,0.438377,
61.905,-0.936351,-0.970995,0,0.936351,0.970994,0.438377,
62.005,-0.936351,-0.970994,0,0.936351,0.970995,0.438377,
62.105,-0.936351,-0.970995,0,0.936351,0.970995,0.438377,
62.205,-0.936351,-0.970995,0,0.936351,0.970994,0.438377,
62.305,-0.936351,-0.970995,0,0.936351,0.970994,0.438377,
62.405,-0.936351,-0.970995,0,0.936351,0.970994,0.438377,
62.505,-0.936351,-0.970994,0,0.936351,0.970995,0.438377,
62.605,-0.936351,-0.970995,0,0.936351,0.970995,0.438377,
62.705,-0.936351,-0.970995,0,0.936351,0.970995,0.438377,
62.805,-0.936351,-0.970995,0,0.936351,0.970994,0.438377,
62.905,-0.936351,-0.970995,0,0.936351,0.970994,0.438377,
63.005,-0.936351,-0.970994,0,0.936351,0.970995,0.438377,
63.105,-0.936351,-0.970994,0,0.936351,0.970995,0.438377,
63.205,-0.936351,-0.970994,0,0.936351,0.970995,0.438377,
63.305,-0.936351,-0.970995,0,0.936351,0.970995,0.438377,
63.405,-0.936351,-0.970994,0,0.936351,0.970995,0.438377,
63.505,-0.936351,-0.970995,0,0.936351,0.970994,0.438377,
63.605,-0.936351,-0.970995,0,0.936351,0.970995,0.438377,
63.705,-0.936351,-0.970995,0,0.936351,0.970995,0.438377,
63.805,-0.936351,-0.970994,0,0.936351,0.970995,0.438377,
63.905,-0.936351,-0.970995,0,0.936351,0.970995,0.438377,
64.005,-0.936351,-0.970995,0,0.936351,0.970995,0.438377,
64.105,-0.936351,-0.970995,0,0.936351,0.970994,0.438377,
64.205,-0.936351,-0.970995,0,0.936351,0.970994,0.438377,
64.305,-0.936351,-0.970995,0,0.936351,0.970994,0.438377,
64.405,-0.936351,-0.970995,0,0.936351,0.970994,0.438377,
64.505,-0.936351,-0.970995,0,0.936351,0.970995,0.438377,
64.605,-0.936351,-0.970995,0,0.936351,0.970995,0.438377,
64.705,-0.936351,-0.970995,0,0.936351,0.970995,0.438377,
64.805,-0.936351,-0.970995,0,0.936351,0.970994,0.438377,
64.905,-0.936351,-0.970995,0,0.936351,0.970994,0.438377,
65.005,-0.936351,-0.970995,0,0.936351,0.970994,0.438377,
65.105,-0.936351,-0.970994,0,0.936351,0.970995,0.438377,
65.205,-0.936351,-0.970995,0,0.936351,0.970995,0.438377,
65.305,-0.936351,-0.970995,0,0.936351,0.970994,0.438377,
65.405,-0.936351,-0.970995,0,0.936351,0.970994,0.438377,
65.505,-0.936351,-0.970995,0,0.936351,0.970994,0.438377,
65.605,-0.936351,-0.970994,0,0.936351,0.970995,0.438377,
65.705,-0.936351,-0.970994,0,0.936351,0.970995,0.438377,
65.805,-0.936351,-0.970995,0,0.936351,0.970995,0.438377,
65.905,-0.936351,-0.970994,0,0.936351,0.970995,0.438377,
66.005,-0.936351,-0.970994,0,0.936351,0.970995,0.438377,
66.105,-0.936351,-0.970995,0,0.936351,0.970994,0.438377,
66.205,-0.936351,-0.970995,0,0.936351,0.970995,0.438377,
66.305,-0.936351,-0.970995,0,0.936351,0.970995,0.438377,
66.405,-0.936351,-0.970994,0,0.936351,0.970995,0.438377,
66.505,-0.936351,-0.970994,0,0.936351,0.970995,0.438377,
66.605,-0.936351,-0.970995,0,0.936351,0.970995,0.438377,
66.705,-0.936351,-0.970995,0,0.936351,0.970995,0.438377,
66.805,-0.936351,-0.970995,0,0.936351,0.970995,0.438377,
66.905,-0.936351,-0.970994,0,0.936351,0.970995,0.438377,
67.005,-0.936351,-0.970995,0,0.936351,0.970995,0.438377,
67.105,-0.936351,-0.970995,0,0.936351,0.970995,0.438377,
67.205,-0.936351,-0.970995,0,0.936351,0.970994,0.438377,
67.305,-0.936351,-0.970995,0,0.936351,0.970994,0.438377,
67.405,-0.936351,-0.970994,0,0.936351,0.970995,0.438377,
67.505,-0.936351,-0.970995,0,0.936351,0.970995,0.438377,
67.605,-0.936351,-0.970995,0,0.936351,0.970995,0.438377,
67.705,-0.936351,-0.970995,0,0.936351,0.970994,0.438377,
67.805,-0.936351,-0.970995,0,0.936351,0.970994,0.438377,
67.905,-0.936351,-0.970995,0,0.936351,0.970995,0.438377,
68.005,-0.936351,-0.970994,0,0.936351,0.970995,0.438377,
68.105,-0.936351,-0.970995,0,0.936351,0.970995,0.438377,
68.205,-0.936351,-0.970995,0,0.936351,0.970994,0.438377,
68.305,-0.936351,-0.970995,0,0.936351,0.970995,0.438377,
68.405,-0.936351,-0.970994,0,0.936351,0.970995,0.438377,
68.505,-0.936351,-0.970994,0,0.936351,0.970995,0.438377,
68.605,-0.936351,-0.970994,0,0.936351,0.970995,0.438377,
68.705,-0.936351,-0.970995,0,0.936351,0.970995,0.438377,
68.805,-0.936351,-0.970994,0,0.936351,0.970995,0.438377,
68.905,-0.936351,-0.970995,0,0.936351,0.970995,0.438377,
69.005,-0.936351,-0.970995,0,0.936351,0.970995,0.438377,
69.105,-0.936351,-0.970995,0,0.936351,0.970995,0.438377,
69.205,-0.936351,-0.970994,0,0.936351,0.970995,0.438377,
69.305,-0.936351,-0.970995,0,0.936351,0.970995,0.438377,
69.405,-0.936351,-0.970994,0,0.936351,0.970995,0.438377,
69.505,-0.936351,-0.970995,0,0.936351,0.970994,0.438377,
69.605,-0.936351,-0.970995,0,0.936351,0.970994,0.438377,
69.705,-0.936351,-0.970995,0,0.936351,0.970994,0.438377,
69.805,-0.936351,-0.970995,0,0.936351,0.970994,0.438377,
69.905,-0.936351,-0.970995,0,0.936351,0.970994,0.438377,
70.005,-0.936351,-0.970994,0,0.936351,0.970995,0.438377,
70.105,-0.936351,-0.970995,0,0.936351,0.970995,0.438377,
70.205,-0.936351,-0.970995,0,0.936351,0.970995,0.438377,
70.305,-0.936351,-0.970995,0,0.936351,0.970994,0.438377,
70.405,-0.936351,-0.970995,0,0.936351,0.970994,0.438377,
70.505,-0.936351,-0.970995,0,0.936351,0.970994,0.438377,
70.605,-0.936351,-0.970995,0,0.936351,0.970994,0.438377,
70.705,-0.936351,-0.970995,0,0.936351,0.970994,0.438377,
70.805,-0.936351,-0.970994,0,0.936351,0.970995,0.438377,
70.905,-0.936351,-0.970994,0,0.936351,0.970995,0.438377,
71.005,-0.936351,-0.970994,0,0.936351,0.970995,0.438377,
71.105,-0.936351,-0.970995,0,0.936351,0.970995,0.438377,
71.205,-0.936351,-0.970995,0,0.936351,0.970995,0.438377,
71.305,-0.936351,-0.970994,0,0.936351,0.970995,0.438377,
71.405,-0.936351,-0.970994,0,0.936351,0.970995,0.438377,
71.505,-0.936351,-0.970994,0,0.936351,0.970995,0.438377,
71.605,-0.936351,-0.970995,0,0.936351,0.970995,0.438377,
71.705,-0.936351,-0.970995,0,0.936351,0.970995,0.438377,
71.805,-0.936351,-0.970995,0,0.936351,0.970995,0.438377,
71.905,-0.936351,-0.970995,0,0.936351,0.970995,0.438377,
72.005,-0.936351,-0.970994,0,0.936351,0.970995,0.438377,
72.105,-0.936351,-0.970994,0,0.936351,0.970995,0.438377,
72.205,-0.936351,-0.970995,0,0.936351,0.970995,0.438377,
72.305,-0.936351,-0.970994,0,0.936351,0.970995,0.438377,
72.405,-0.936351,-0.970995,0,0.936351,0.970994,0.438377,
72.505,-0.936351,-0.970995,0,0.936351,0.970994,0.438377,
72.605,-0.936351,-0.970995,0,0.936351,0.970994,0.438377,
72.705,-0.936351,-0.970995,0,0.936351,0.970994,0.438377,
72.805,-0.936351,-0.970995,0,0.936351,0.970994,0.438377,
72.905,-0.936351,-0.970995,0,0.936351,0.970994,0.438377,
73.005,-0.936351,-0.970995,0,0.936351,0.970994,0.438377,
73.105,-0.936351,-0.970995,0,0.936351,0.970995,0.438377,
73.205,-0.936351,-0.970994,0,0.936351,0.970995,0.438377,
73.305,-0.936351,-0.970994,0,0.936351,0.970995,0.438377,
73.405,-0.936351,-0.970995,0,0.936351,0.970994,0.438377,
73.505,-0.936351,-0.970995,0,0.936351,0.970994,0.438377,
73.605,-0.936351,-0.970995,0,0.936351,0.970995,0.438377,
73.705,-0.936351,-0.970995,0,0.936351,0.970995,0.438377,
73.805,-0.936351,-0.970995,0,0.936351,0.970995,0.438377,
73.905,-0.936351,-0.970995,0,0.936351,0.970994,0.438377,
74.005,-0.936351,-0.970995,0,0.936351,0.970994,0.438377,
74.105,-0.936351,-0.970995,0,0.936351,0.970994,0.438377,
74.205,-0.936351,-0.970994,0,0.936351,0.970995,0.438377,
74.305,-0.936351,-0.970994,0,0.936351,0.970995,0.438377,
74.405,-0.936351,-0.970995,0,0.936351,0.970994,0.438377,
74.505,-0.936351,-0.970995,0,0.936351,0.970995,0.438377,
74.605,-0.936351,-0.970995,0,0.936351,0.970995,0.438377,
74.705,-0.936351,-0.970994,0,0.936351,0.970995,0.438377,
74.805,-0.936351,-0.970994,0,0.936351,0.970995,0.438377,
74.905,-0.936351,-0.970995,0,0.936351,0.970995,0.438377,
75.005,-0.936351,-0.970995,0,0.936351,0.970995,0.438377,
75.105,-0.936351,-0.970995,0,0.936351,0.970995,0.438377,
75.205,-0.936351,-0.970995,0,0.936351,0.970994,0.438377,
75.305,-0.936351,-0.970995,0,0.936351,0.970995,0.438377,
75.405,-0.936351,-0.970994,0,0.936351,0.970995,0.438377,
75.505,-0.936351,-0.970994,0,0.936351,0.970995,0.438377,
75.605,-0.936351,-0.970994,0,0.936351,0.970995,0.438377,
75.705,-0.936351,-0.970995,0,0.936351,0.970994,0.438377,
75.805,-0.936351,-0.970995,0,0.936351,0.970994,0.438377,
75.905,-0.936351,-0.970995,0,0.936351,0.970994,0.438377,
76.005,-0.936351,-0.970995,0,0.936351,0.970994,0.438377,
76.105,-0.936351,-0.970995,0,0.936351,0.970994,0.438377,
76.205,-0.936351,-0.970995,0,0.936351,0.970995,0.438377,
76.305,-0.936351,-0.970994,0,0.936351,0.970995,0.438377,
76.405,-0.936351,-0.970995,0,0.936351,0.970995,0.438377,
76.505,-0.936351,-0.970995,0,0.936351,0.970994,0.438377,
76.605,-0.936351,-0.970995,0,0.936351,0.970994,0.438377,
76.705,-0.936351,-0.970995,0,0.936351,0.970994,0.438377,
76.805,-0.936351,-0.970995,0,0.936351,0.970994,0.438377,
76.905,-0.936351,-0.970995,0,0.936351,0.970994,0.438377,
77.005,-0.936351,-0.970995,0,0.936351,0.970994,0.438377,
77.105,-0.936351,-0.970995,0,0.936351,0.970994,0.438377,
77.205,-0.936351,-0.970995,0,0.936351,0.970995,0.438377,
77.305,-0.936351,-0.970995,0,0.936351,0.970995,0.438377,
77.405,-0.936351,-0.970995,0,0.936351,0.970995,0.438377,
77.505,-0.936351,-0.970995,0,0.936351,0.970995,0.438377,
77.605,-0.936351,-0.970995,0,0.936351,0.970995,0.438377,
77.705,-0.936351,-0.970995,0,0.936351,0.970994,0.438377,
77.805,-0.936351,-0.970995,0,0.936351,0.970995,0.438377,
77.905,-0.936351,-0.970995,0,0.936351,0.970994,0.438377,
78.005,-0.936351,-0.970995,0,0.936351,0.970995,0.438377,
78.105,-0.936351,-0.970995,0,0.936351,0.970995,0.438377,
78.205,-0.936351,-0.970995,0,0.936351,0.970995,0.438377,
78.305,-0.936351,-0.970995,0,0.936351,0.970995,0.438377,
78.405,-0.936351,-0.970995,0,0.936351,0.970995,0.438377,
78.505,-0.936351,-0.970995,0,0.936351,0.970995,0.438377,
78.605,-0.936351,-0.970995,0,0.936351,0.970994,0.438377,
78.705,-0.936351,-0.970995,0,0.936351,0.970995,0.438377,
78.805,-0.936351,-0.970995,0,0.936351,0.970994,0.438377,
78.905,-0.936351,-0.970995,0,0.936351,0.970994,0.438377,
79.005,-0.936351,-0.970995,0,0.936351,0.970995,0.438377,
79.105,-0.936351,-0.970995,0,0.936351,0.970995,0.438377,
79.205,-0.936351,-0.970995,0,0.936351,0.970995,0.438377,
79.305,-0.936351,-0.970995,0,0.936351,0.970995,0.438377,
79.405,-0.936351,-0.970995,0,0.936351,0.970995,0.438377,
79.505,-0.936351,-0.970995,0,0.936351,0.970994,0.438377,
79.605,-0.936351,-0.970995,0,0.936351,0.970995,0.438377,
79.705,-0.936351,-0.970995,0,0.936351,0.970994,0.438377,
79.805,-0.936351,-0.970995,0,0.936351,0.970994,0.438377,
79.905,-0.936351,-0.970995,0,0.936351,0.970994,0.438377,
