0.005,0.501245,0.234506,0.133103,1.00268,0.496855,0.532449,
0.105,0.502398,-0.173904,0.129365,1.0233,0.124871,0.52357,
0.205,0.471649,-0.406539,0.121701,1.02194,-0.0730754,0.523397,
0.305,0.420896,-0.529319,0.1052,1.00929,-0.174557,0.518007,
0.405,0.358794,-0.585394,0.0832547,0.989792,-0.215486,0.504542,
0.505,0.291492,-0.605299,0.0605002,0.968195,-0.219064,0.486089,
0.605,0.222584,-0.607562,0.0401323,0.947451,-0.200319,0.466227,
0.705,0.153833,-0.602145,0.023726,0.929282,-0.168921,0.447486,
0.805,0.0859611,-0.593963,0.0118376,0.914614,-0.130608,0.431324,
0.905,0.0191676,-0.585495,0.00453137,0.903918,-0.0886375,0.418479,
1.005,-0.0466151,-0.578031,0.00143699,0.897425,-0.044826,0.409284,
1.105,-0.111588,-0.572256,0.000455429,0.895238,-0.000160601,0.403877,
1.205,-0.176024,-0.568548,0.000144772,0.896994,0.0448521,0.402299,
1.305,-0.240215,-0.566759,4.62228e-05,0.896994,0.0899756,0.402299,
1.405,-0.304369,-0.565957,1.47365e-05,0.896994,0.135109,0.402299,
1.505,-0.36858,-0.565597,4.76607e-06,0.896994,0.180197,0.402299,
1.605,-0.432893,-0.565435,1.47532e-06,0.896994,0.225186,0.402299,
1.705,-0.497325,-0.565361,1.55216e-07,0.896994,0.270014,0.402299,
1.805,-0.561887,-0.565331,2.50692e-07,0.896994,0.314608,0.402299,
1.905,-0.626583,-0.565315,0,0.896994,0.358885,0.402299,
2.005,-0.691413,-0.565308,0,0.896994,0.402764,0.402299,
2.105,-0.756381,-0.565304,0,0.896994,0.446161,0.402299,
2.205,-0.821486,-0.565302,0,0.896994,0.488993,0.402299,
2.305,-0.879104,-0.565302,0,0.896994,0.528622,0.402299,
2.405,-0.896994,-0.565303,0,0.896994,0.549333,0.402299,
2.505,-0.896994,-0.565303,0,0.896994,0.558411,0.402299,
2.605,-0.896994,-0.565303,0,0.896994,0.562342,0.402299,
2.705,-0.896994,-0.565303,0,0.896994,0.564032,0.402299,
2.805,-0.896994,-0.565303,0,0.896994,0.564758,0.402299,
2.905,-0.896994,-0.565303,0,0.896994,0.56507,0.402299,
3.005,-0.896994,-0.565303,0,0.896994,0.565202,0.402299,
3.105,-0.896994,-0.565303,0,0.896994,0.56526,0.402299,
3.205,-0.896994,-0.565303,0,0.896994,0.565283,0.402299,
3.305,-0.896994,-0.565303,0,0.896994,0.565298,0.402299,
3.405,-0.896994,-0.565303,0,0.896994,0.565305,0.402299,
3.505,-0.896994,-0.565303,0,0.896994,0.5653,0.402299,
3.605,-0.896994,-0.565303,0,0.896994,0.565297,0.402299,
3.705,-0.896994,-0.565303,0,0.896994,0.565304,0.402299,
3.805,-0.896994,-0.565303,0,0.896994,0.565309,0.402299,
3.905,-0.896994,-0.565303,0,0.896994,0.565303,0.402299,
4.005,-0.896994,-0.565303,0,0.896994,0.565299,0.402299,
4.105,-0.896994,-0.565303,0,0.896994,0.565305,0.402299,
4.205,-0.896994,-0.565303,0,0.896994,0.565308,0.402299,
4.305,-0.896994,-0.565303,0,0.896994,0.565301,0.402299,
4.405,-0.896994,-0.565303,0,0.896994,0.565299,0.402299,
4.505,-0.896994,-0.565303,0,0.896994,0.565306,0.402299,
4.605,-0.896994,-0.565303,0,0.896994,0.565306,0.402299,
4.705,-0.896994,-0.565303,0,0.896994,0.565297,0.402299,
4.805,-0.896994,-0.565303,0,0.896994,0.565298,0.402299,
4.905,-0.896994,-0.565303,0,0.896994,0.565309,0.402299,
5.005,-0.896994,-0.565303,0,0.896994,0.565307,0.402299,
5.105,-0.896994,-0.565303,0,0.896994,0.565296,0.402299,
5.205,-0.896994,-0.565303,0,0.896994,0.5653,0.402299,
5.305,-0.896994,-0.565303,0,0.896994,0.56531,0.402299,
5.405,-0.896994,-0.565303,0,0.896994,0.565306,0.402299,
5.505,-0.896994,-0.565303,0,0.896994,0.565296,0.402299,
5.605,-0.896994,-0.565303,0,0.896994,0.565301,0.402299,
5.705,-0.896994,-0.565303,0,0.896994,0.565306,0.402299,
5.805,-0.896994,-0.565303,0,0.896994,0.565303,0.402299,
5.905,-0.896994,-0.565303,0,0.896994,0.565305,0.402299,
6.005,-0.896994,-0.565303,0,0.896994,0.565305,0.402299,
6.105,-0.896994,-0.565303,0,0.896994,0.565304,0.402299,
6.205,-0.896994,-0.565303,0,0.896994,0.565305,0.402299,
6.305,-0.896994,-0.565303,0,0.896994,0.565305,0.402299,
6.405,-0.896994,-0.565303,0,0.896994,0.565304,0.402299,
6.505,-0.896994,-0.565303,0,0.896994,0.565302,0.402299,
6.605,-0.896994,-0.565303,0,0.896994,0.565303,0.402299,
6.705,-0.896994,-0.565303,0,0.896994,0.565303,0.402299,
6.805,-0.896994,-0.565303,0,0.896994,0.565303,0.402299,
6.905,-0.896994,-0.565303,0,0.896994,0.565303,0.402299,
7.005,-0.896994,-0.565303,0,0.896994,0.565302,0.402299,
7.105,-0.896994,-0.565303,0,0.896994,0.565303,0.402299,
7.205,-0.896994,-0.565303,0,0.896994,0.565303,0.402299,
7.305,-0.896994,-0.565303,0,0.896994,0.565303,0.402299,
7.405,-0.896994,-0.565303,0,0.896994,0.565303,0.402299,
7.505,-0.896994,-0.565303,0,0.896994,0.565303,0.402299,
7.605,-0.896994,-0.565303,0,0.896994,0.565303,0.402299,
7.705,-0.896994,-0.565303,0,0.896994,0.565303,0.402299,
7.805,-0.896994,-0.565303,0,0.896994,0.565303,0.402299,
7.905,-0.896994,-0.565303,0,0.896994,0.565303,0.402299,
8.005,-0.896994,-0.565303,0,0.896994,0.565303,0.402299,
8.105,-0.896994,-0.565303,0,0.896994,0.565303,0.402299,
8.205,-0.896994,-0.565303,0,0.896994,0.565303,0.402299,
8.305,-0.896994,-0.565303,0,0.896994,0.565303,0.402299,
8.405,-0.896994,-0.565303,0,0.896994,0.565303,0.402299,
8.505,-0.896994,-0.565303,0,0.896994,0.565303,0.402299,
8.605,-0.896994,-0.565303,0,0.896994,0.565303,0.402299,
8.705,-0.896994,-0.565303,0,0.896994,0.565303,0.402299,
8.805,-0.896994,-0.565303,0,0.896994,0.565303,0.402299,
8.905,-0.896994,-0.565303,0,0.896994,0.565303,0.402299,
9.005,-0.896994,-0.565303,0,0.896994,0.565303,0.402299,
9.105,-0.896994,-0.565303,0,0.896994,0.565303,0.402299,
9.205,-0.896994,-0.565303,0,0.896994,0.565303,0.402299,
9.305,-0.896994,-0.565303,0,0.896994,0.565303,0.402299,
9.405,-0.896994,-0.565303,0,0.896994,0.565303,0.402299,
9.505,-0.896994,-0.565303,0,0.896994,0.565303,0.402299,
9.605,-0.896994,-0.565303,0,0.896994,0.565303,0.402299,
9.705,-0.896994,-0.565303,0,0.896994,0.565303,0.402299,
9.805,-0.896994,-0.565303,0,0.896994,0.565303,0.402299,
9.905,-0.896994,-0.565303,0,0.896994,0.565303,0.402299,
10.005,-0.896994,-0.565303,0,0.896994,0.565303,0.402299,
10.105,-0.896994,-0.565303,0,0.896994,0.565303,0.402299,
10.205,-0.896994,-0.565303,0,0.896994,0.565303,0.402299,
10.305,-0.896994,-0.565303,0,0.896994,0.565303,0.402299,
10.405,-0.896994,-0.565303,0,0.896994,0.565303,0.402299,
10.505,-0.896994,-0.565303,0,0.896994,0.565303,0.402299,
10.605,-0.896994,-0.565303,0,0.896994,0.565303,0.402299,
10.705,-0.896994,-0.565303,0,0.896994,0.565303,0.402299,
10.805,-0.896994,-0.565303,0,0.896994,0.565303,0.402299,
10.905,-0.896994,-0.565303,0,0.896994,0.565303,0.402299,
11.005,-0.896994,-0.565303,0,0.896994,0.565303,0.402299,
11.105,-0.896994,-0.565303,0,0.896994,0.565303,0.402299,
11.205,-0.896994,-0.565303,0,0.896994,0.565303,0.402299,
11.305,-0.896994,-0.565303,0,0.896994,0.565303,0.402299,
11.405,-0.896994,-0.565303,0,0.896994,0.565303,0.402299,
11.505,-0.896994,-0.565303,0,0.896994,0.565303,0.402299,
11.605,-0.896994,-0.565303,0,0.896994,0.565303,0.402299,
11.705,-0.896994,-0.565303,0,0.896994,0.565303,0.402299,
11.805,-0.896994,-0.565303,0,0.896994,0.565303,0.402299,
11.905,-0.896994,-0.565303,0,0.896994,0.565303,0.402299,
12.005,-0.896994,-0.565303,0,0.896994,0.565303,0.402299,
12.105,-0.896994,-0.565303,0,0.896994,0.565303,0.402299,
12.205,-0.896994,-0.565303,0,0.896994,0.565303,0.402299,
12.305,-0.896994,-0.565303,0,0.896994,0.565303,0.402299,
12.405,-0.896994,-0.565303,0,0.896994,0.565303,0.402299,
12.505,-0.896994,-0.565303,0,0.896994,0.565303,0.402299,
12.605,-0.896994,-0.565303,0,0.896994,0.565303,0.402299,
12.705,-0.896994,-0.565303,0,0.896994,0.565303,0.402299,
12.805,-0.896994,-0.565303,0,0.896994,0.565303,0.402299,
12.905,-0.896994,-0.565303,0,0.896994,0.565303,0.402299,
13.005,-0.896994,-0.565303,0,0.896994,0.565303,0.402299,
13.105,-0.896994,-0.565303,0,0.896994,0.565303,0.402299,
13.205,-0.896994,-0.565303,0,0.896994,0.565303,0.402299,
13.305,-0.896994,-0.565303,0,0.896994,0.565303,0.402299,
13.405,-0.896994,-0.565303,0,0.896994,0.565303,0.402299,
13.505,-0.896994,-0.565303,0,0.896994,0.565303,0.402299,
13.605,-0.896994,-0.565303,0,0.896994,0.565303,0.402299,
13.705,-0.896994,-0.565303,0,0.896994,0.565303,0.402299,
13.805,-0.896994,-0.565303,0,0.896994,0.565303,0.402299,
13.905,-0.896994,-0.565303,0,0.896994,0.565303,0.402299,
14.005,-0.896994,-0.565303,0,0.896994,0.565303,0.402299,
14.105,-0.896994,-0.565303,0,0.896994,0.565303,0.402299,
14.205,-0.896994,-0.565303,0,0.896994,0.565303,0.402299,
14.305,-0.896994,-0.565303,0,0.896994,0.565303,0.402299,
14.405,-0.896994,-0.565303,0,0.896994,0.565303,0.402299,
14.505,-0.896994,-0.565303,0,0.896994,0.565303,0.402299,
14.605,-0.896994,-0.565303,0,0.896994,0.565303,0.402299,
14.705,-0.896994,-0.565303,0,0.896994,0.565303,0.402299,
14.805,-0.896994,-0.565303,0,0.896994,0.565303,0.402299,
14.905,-0.896994,-0.565303,0,0.896994,0.565303,0.402299,
15.005,-0.896994,-0.565303,0,0.896994,0.565303,0.402299,
15.105,-0.896994,-0.565303,0,0.896994,0.565303,0.402299,
15.205,-0.896994,-0.565303,0,0.896994,0.565303,0.402299,
15.305,-0.896994,-0.565303,0,0.896994,0.565303,0.402299,
15.405,-0.896994,-0.565303,0,0.896994,0.565303,0.402299,
15.505,-0.896994,-0.565303,0,0.896994,0.565303,0.402299,
15.605,-0.896994,-0.565303,0,0.896994,0.565303,0.402299,
15.705,-0.896994,-0.565303,0,0.896994,0.565303,0.402299,
15.805,-0.896994,-0.565303,0,0.896994,0.565303,0.402299,
15.905,-0.896994,-0.565303,0,0.896994,0.565303,0.402299,
16.005,-0.896994,-0.565303,0,0.896994,0.565303,0.402299,
16.105,-0.896994,-0.565303,0,0.896994,0.565303,0.402299,
16.205,-0.896994,-0.565303,0,0.896994,0.565303,0.402299,
16.305,-0.896994,-0.565303,0,0.896994,0.565303,0.402299,
16.405,-0.896994,-0.565303,0,0.896994,0.565303,0.402299,
16.505,-0.896994,-0.565303,0,0.896994,0.565303,0.402299,
16.605,-0.896994,-0.565303,0,0.896994,0.565303,0.402299,
16.705,-0.896994,-0.565303,0,0.896994,0.565303,0.402299,
16.805,-0.896994,-0.565303,0,0.896994,0.565303,0.402299,
16.905,-0.896994,-0.565303,0,0.896994,0.565303,0.402299,
17.005,-0.896994,-0.565303,0,0.896994,0.565303,0.402299,
17.105,-0.896994,-0.565303,0,0.896994,0.565303,0.402299,
17.205,-0.896994,-0.565303,0,0.896994,0.565303,0.402299,
17.305,-0.896994,-0.565303,0,0.896994,0.565303,0.402299,
17.405,-0.896994,-0.565303,0,0.896994,0.565303,0.402299,
17.505,-0.896994,-0.565303,0,0.896994,0.565303,0.402299,
17.605,-0.896994,-0.565303,0,0.896994,0.565303,0.402299,
17.705,-0.896994,-0.565303,0,0.896994,0.565303,0.402299,
17.805,-0.896994,-0.565303,0,0.896994,0.565303,0.402299,
17.905,-0.896994,-0.565303,0,0.896994,0.565303,0.402299,
18.005,-0.896994,-0.565303,0,0.896994,0.565303,0.402299,
18.105,-0.896994,-0.565303,0,0.896994,0.565303,0.402299,
18.205,-0.896994,-0.565303,0,0.896994,0.565303,0.402299,
18.305,-0.896994,-0.565303,0,0.896994,0.565303,0.402299,
18.405,-0.896994,-0.565303,0,0.896994,0.565303,0.402299,
18.505,-0.896994,-0.565303,0,0.896994,0.565303,0.402299,
18.605,-0.896994,-0.565303,0,0.896994,0.565303,0.402299,
18.705,-0.896994,-0.565303,0,0.896994,0.565303,0.402299,
18.805,-0.896994,-0.565303,0,0.896994,0.565303,0.402299,
18.905,-0.896994,-0.565303,0,0.896994,0.565303,0.402299,
19.005,-0.896994,-0.565303,0,0.896994,0.565303,0.402299,
19.105,-0.896994,-0.565303,0,0.896994,0.565303,0.402299,
19.205,-0.896994,-0.565303,0,0.896994,0.565303,0.402299,
19.305,-0.896994,-0.565303,0,0.896994,0.565303,0.402299,
19.405,-0.896994,-0.565303,0,0.896994,0.565303,0.402299,
19.505,-0.896994,-0.565303,0,0.896994,0.565303,0.402299,
19.605,-0.896994,-0.565303,0,0.896994,0.565303,0.402299,
19.705,-0.896994,-0.565303,0,0.896994,0.565303,0.402299,
19.805,-0.896994,-0.565303,0,0.896994,0.565303,0.402299,
19.905,-0.896994,-0.565303,0,0.896994,0.565303,0.402299,
20.005,-0.896994,-0.565303,0,0.896994,0.565303,0.402299,
20.105,-0.896994,-0.565303,0,0.896994,0.565303,0.402299,
20.205,-0.896994,-0.565303,0,0.896994,0.565303,0.402299,
20.305,-0.896994,-0.565303,0,0.896994,0.565303,0.402299,
20.405,-0.896994,-0.565303,0,0.896994,0.565303,0.402299,
20.505,-0.896994,-0.565303,0,0.896994,0.565303,0.402299,
20.605,-0.896994,-0.565303,0,0.896994,0.565303,0.402299,
20.705,-0.896994,-0.565303,0,0.896994,0.565303,0.402299,
20.805,-0.896994,-0.565303,0,0.896994,0.565303,0.402299,
20.905,-0.896994,-0.565303,0,0.896994,0.565303,0.402299,
21.005,-0.896994,-0.565303,0,0.896994,0.565303,0.402299,
21.105,-0.896994,-0.565303,0,0.896994,0.565303,0.402299,
21.205,-0.896994,-0.565303,0,0.896994,0.565303,0.402299,
21.305,-0.896994,-0.565303,0,0.896994,0.565303,0.402299,
21.405,-0.896994,-0.565303,0,0.896994,0.565303,0.402299,
21.505,-0.896994,-0.565303,0,0.896994,0.565303,0.402299,
21.605,-0.896994,-0.565303,0,0.896994,0.565303,0.402299,
21.705,-0.896994,-0.565303,0,0.896994,0.565303,0.402299,
21.805,-0.896994,-0.565303,0,0.896994,0.565303,0.402299,
21.905,-0.896994,-0.565303,0,0.896994,0.565303,0.402299,
22.005,-0.896994,-0.565303,0,0.896994,0.565303,0.402299,
22.105,-0.896994,-0.565303,0,0.896994,0.565303,0.402299,
22.205,-0.896994,-0.565303,0,0.896994,0.565303,0.402299,
22.305,-0.896994,-0.565303,0,0.896994,0.565303,0.402299,
22.405,-0.896994,-0.565303,0,0.896994,0.565303,0.402299,
22.505,-0.896994,-0.565303,0,0.896994,0.565303,0.402299,
22.605,-0.896994,-0.565303,0,0.896994,0.565303,0.402299,
22.705,-0.896994,-0.565303,0,0.896994,0.565303,0.402299,
22.805,-0.896994,-0.565303,0,0.896994,0.565303,0.402299,
22.905,-0.896994,-0.565303,0,0.896994,0.565303,0.402299,
23.005,-0.896994,-0.565303,0,0.896994,0.565303,0.402299,
23.105,-0.896994,-0.565303,0,0.896994,0.565303,0.402299,
23.205,-0.896994,-0.565303,0,0.896994,0.565303,0.402299,
23.305,-0.896994,-0.565303,0,0.896994,0.565303,0.402299,
23.405,-0.896994,-0.565303,0,0.896994,0.565303,0.402299,
23.505,-0.896994,-0.565303,0,0.896994,0.565303,0.402299,
23.605,-0.896994,-0.565303,0,0.896994,0.565303,0.402299,
23.705,-0.896994,-0.565303,0,0.896994,0.565303,0.402299,
23.805,-0.896994,-0.565303,0,0.896994,0.565303,0.402299,
23.905,-0.896994,-0.565303,0,0.896994,0.565303,0.402299,
24.005,-0.896994,-0.565303,0,0.896994,0.565303,0.402299,
24.105,-0.896994,-0.565303,0,0.896994,0.565303,0.402299,
24.205,-0.896994,-0.565303,0,0.896994,0.565303,0.402299,
24.305,-0.896994,-0.565303,0,0.896994,0.565303,0.402299,
24.405,-0.896994,-0.565303,0,0.896994,0.565303,0.402299,
24.505,-0.896994,-0.565303,0,0.896994,0.565303,0.402299,
24.605,-0.896994,-0.565303,0,0.896994,0.565303,0.402299,
24.705,-0.896994,-0.565303,0,0.896994,0.565303,0.402299,
24.805,-0.896994,-0.565303,0,0.896994,0.565303,0.402299,
24.905,-0.896994,-0.565303,0,0.896994,0.565303,0.402299,
25.005,-0.896994,-0.565303,0,0.896994,0.565303,0.402299,
25.105,-0.896994,-0.565303,0,0.896994,0.565303,0.402299,
25.205,-0.896994,-0.565303,0,0.896994,0.565303,0.402299,
25.305,-0.896994,-0.565303,0,0.896994,0.565303,0.402299,
25.405,-0.896994,-0.565303,0,0.896994,0.565303,0.402299,
25.505,-0.896994,-0.565303,0,0.896994,0.565303,0.402299,
25.605,-0.896994,-0.565303,0,0.896994,0.565303,0.402299,
25.705,-0.896994,-0.565303,0,0.896994,0.565303,0.402299,
25.805,-0.896994,-0.565303,0,0.896994,0.565303,0.402299,
25.905,-0.896994,-0.565303,0,0.896994,0.565303,0.402299,
26.005,-0.896994,-0.565303,0,0.896994,0.565303,0.402299,
26.105,-0.896994,-0.565303,0,0.896994,0.565303,0.402299,
26.205,-0.896994,-0.565303,0,0.896994,0.565303,0.402299,
26.305,-0.896994,-0.565303,0,0.896994,0.565303,0.402299,
26.405,-0.896994,-0.565303,0,0.896994,0.565303,0.402299,
26.505,-0.896994,-0.565303,0,0.896994,0.565303,0.402299,
26.605,-0.896994,-0.565303,0,0.896994,0.565303,0.402299,
26.705,-0.896994,-0.565303,0,0.896994,0.565303,0.402299,
26.805,-0.896994,-0.565303,0,0.896994,0.565303,0.402299,
26.905,-0.896994,-0.565303,0,0.896994,0.565303,0.402299,
27.005,-0.896994,-0.565303,0,0.896994,0.565303,0.402299,
27.105,-0.896994,-0.565303,0,0.896994,0.565303,0.402299,
27.205,-0.896994,-0.565303,0,0.896994,0.565303,0.402299,
27.305,-0.896994,-0.565303,0,0.896994,0.565303,0.402299,
27.405,-0.896994,-0.565303,0,0.896994,0.565303,0.402299,
27.505,-0.896994,-0.565303,0,0.896994,0.565303,0.402299,
27.605,-0.896994,-0.565303,0,0.896994,0.565303,0.402299,
27.705,-0.896994,-0.565303,0,0.896994,0.565303,0.402299,
27.805,-0.896994,-0.565303,0,0.896994,0.565303,0.402299,
27.905,-0.896994,-0.565303,0,0.896994,0.565303,0.402299,
28.005,-0.896994,-0.565303,0,0.896994,0.565303,0.402299,
28.105,-0.896994,-0.565303,0,0.896994,0.565303,0.402299,
28.205,-0.896994,-0.565303,0,0.896994,0.565303,0.402299,
28.305,-0.896994,-0.565303,0,0.896994,0.565303,0.402299,
28.405,-0.896994,-0.565303,0,0.896994,0.565303,0.402299,
28.505,-0.896994,-0.565303,0,0.896994,0.565303,0.402299,
28.605,-0.896994,-0.565303,0,0.896994,0.565303,0.402299,
28.705,-0.896994,-0.565303,0,0.896994,0.565303,0.402299,
28.805,-0.896994,-0.565303,0,0.896994,0.565303,0.402299,
28.905,-0.896994,-0.565303,0,0.896994,0.565303,0.402299,
29.005,-0.896994,-0.565303,0,0.896994,0.565303,0.402299,
29.105,-0.896994,-0.565303,0,0.896994,0.565303,0.402299,
29.205,-0.896994,-0.565303,0,0.896994,0.565303,0.402299,
29.305,-0.896994,-0.565303,0,0.896994,0.565303,0.402299,
29.405,-0.896994,-0.565303,0,0.896994,0.565303,0.402299,
29.505,-0.896994,-0.565303,0,0.896994,0.565303,0.402299,
29.605,-0.896994,-0.565303,0,0.896994,0.565303,0.402299,
29.705,-0.896994,-0.565303,0,0.896994,0.565303,0.402299,
29.805,-0.896994,-0.565303,0,0.896994,0.565303,0.402299,
29.905,-0.896994,-0.565303,0,0.896994,0.565303,0.402299,
30.005,-0.896994,-0.565303,0,0.896994,0.565303,0.402299,
30.105,-0.896994,-0.565303,0,0.896994,0.565303,0.402299,
30.205,-0.896994,-0.565303,0,0.896994,0.565303,0.402299,
30.305,-0.896994,-0.565303,0,0.896994,0.565303,0.402299,
30.405,-0.896994,-0.565303,0,0.896994,0.565303,0.402299,
30.505,-0.896994,-0.565303,0,0.896994,0.565303,0.402299,
30.605,-0.896994,-0.565303,0,0.896994,0.565303,0.402299,
30.705,-0.896994,-0.565303,0,0.896994,0.565303,0.402299,
30.805,-0.896994,-0.565303,0,0.896994,0.565303,0.402299,
30.905,-0.896994,-0.565303,0,0.896994,0.565303,0.402299,
31.005,-0.896994,-0.565303,0,0.896994,0.565303,0.402299,
31.105,-0.896994,-0.565303,0,0.896994,0.565303,0.402299,
31.205,-0.896994,-0.565303,0,0.896994,0.565303,0.402299,
31.305,-0.896994,-0.565303,0,0.896994,0.565303,0.402299,
31.405,-0.896994,-0.565303,0,0.896994,0.565303,0.402299,
31.505,-0.896994,-0.565303,0,0.896994,0.565303,0.402299,
31.605,-0.896994,-0.565303,0,0.896994,0.565303,0.402299,
31.705,-0.896994,-0.565303,0,0.896994,0.565303,0.402299,
31.805,-0.896994,-0.565303,0,0.896994,0.565303,0.402299,
31.905,-0.896994,-0.565303,0,0.896994,0.565303,0.402299,
32.005,-0.896994,-0.565303,0,0.896994,0.565303,0.402299,
32.105,-0.896994,-0.565303,0,0.896994,0.565303,0.402299,
32.205,-0.896994,-0.565303,0,0.896994,0.565303,0.402299,
32.305,-0.896994,-0.565303,0,0.896994,0.565303,0.402299,
32.405,-0.896994,-0.565303,0,0.896994,0.565303,0.402299,
32.505,-0.896994,-0.565303,0,0.896994,0.565303,0.402299,
32.605,-0.896994,-0.565303,0,0.896994,0.565303,0.402299,
32.705,-0.896994,-0.565303,0,0.896994,0.565303,0.402299,
32.805,-0.896994,-0.565303,0,0.896994,0.565303,0.402299,
32.905,-0.896994,-0.565303,0,0.896994,0.565303,0.402299,
33.005,-0.896994,-0.565303,0,0.896994,0.565303,0.402299,
33.105,-0.896994,-0.565303,0,0.896994,0.565303,0.402299,
33.205,-0.896994,-0.565303,0,0.896994,0.565303,0.402299,
33.305,-0.896994,-0.565303,0,0.896994,0.565303,0.402299,
33.405,-0.896994,-0.565303,0,0.896994,0.565303,0.402299,
33.505,-0.896994,-0.565303,0,0.896994,0.565303,0.402299,
33.605,-0.896994,-0.565303,0,0.896994,0.565303,0.402299,
33.705,-0.896994,-0.565303,0,0.896994,0.565303,0.402299,
33.805,-0.896994,-0.565303,0,0.896994,0.565303,0.402299,
33.905,-0.896994,-0.565303,0,0.896994,0.565303,0.402299,
34.005,-0.896994,-0.565303,0,0.896994,0.565303,0.402299,
34.105,-0.896994,-0.565303,0,0.896994,0.565303,0.402299,
34.205,-0.896994,-0.565303,0,0.896994,0.565303,0.402299,
34.305,-0.896994,-0.565303,0,0.896994,0.565303,0.402299,
34.405,-0.896994,-0.565303,0,0.896994,0.565303,0.402299,
34.505,-0.896994,-0.565303,0,0.896994,0.565303,0.402299,
34.605,-0.896994,-0.565303,0,0.896994,0.565303,0.402299,
34.705,-0.896994,-0.565303,0,0.896994,0.565303,0.402299,
34.805,-0.896994,-0.565303,0,0.896994,0.565303,0.402299,
34.905,-0.896994,-0.565303,0,0.896994,0.565303,0.402299,
35.005,-0.896994,-0.565303,0,0.896994,0.565303,0.402299,
35.105,-0.896994,-0.565303,0,0.896994,0.565303,0.402299,
35.205,-0.896994,-0.565303,0,0.896994,0.565303,0.402299,
35.305,-0.896994,-0.565303,0,0.896994,0.565303,0.402299,
35.405,-0.896994,-0.565303,0,0.896994,0.565303,0.402299,
35.505,-0.896994,-0.565303,0,0.896994,0.565303,0.402299,
35.605,-0.896994,-0.565303,0,0.896994,0.565303,0.402299,
35.705,-0.896994,-0.565303,0,0.896994,0.565303,0.402299,
35.805,-0.896994,-0.565303,0,0.896994,0.565303,0.402299,
35.905,-0.896994,-0.565303,0,0.896994,0.565303,0.402299,
36.005,-0.896994,-0.565303,0,0.896994,0.565303,0.402299,
36.105,-0.896994,-0.565303,0,0.896994,0.565303,0.402299,
36.205,-0.896994,-0.565303,0,0.896994,0.565303,0.402299,
36.305,-0.896994,-0.565303,0,0.896994,0.565303,0.402299,
36.405,-0.896994,-0.565303,0,0.896994,0.565303,0.402299,
36.505,-0.896994,-0.565303,0,0.896994,0.565303,0.402299,
36.605,-0.896994,-0.565303,0,0.896994,0.565303,0.402299,
36.705,-0.896994,-0.565303,0,0.896994,0.565303,0.402299,
36.805,-0.896994,-0.565303,0,0.896994,0.565303,0.402299,
36.905,-0.896994,-0.565303,0,0.896994,0.565303,0.402299,
37.005,-0.896994,-0.565303,0,0.896994,0.565303,0.402299,
37.105,-0.896994,-0.565303,0,0.896994,0.565303,0.402299,
37.205,-0.896994,-0.565303,0,0.896994,0.565303,0.402299,
37.305,-0.896994,-0.565303,0,0.896994,0.565303,0.402299,
37.405,-0.896994,-0.565303,0,0.896994,0.565303,0.402299,
37.505,-0.896994,-0.565303,0,0.896994,0.565303,0.402299,
37.605,-0.896994,-0.565303,0,0.896994,0.565303,0.402299,
37.705,-0.896994,-0.565303,0,0.896994,0.565303,0.402299,
37.805,-0.896994,-0.565303,0,0.896994,0.565303,0.402299,
37.905,-0.896994,-0.565303,0,0.896994,0.565303,0.402299,
38.005,-0.896994,-0.565303,0,0.896994,0.565303,0.402299,
38.105,-0.896994,-0.565303,0,0.896994,0.565303,0.402299,
38.205,-0.896994,-0.565303,0,0.896994,0.565303,0.402299,
38.305,-0.896994,-0.565303,0,0.896994,0.565303,0.402299,
38.405,-0.896994,-0.565303,0,0.896994,0.565303,0.402299,
38.505,-0.896994,-0.565303,0,0.896994,0.565303,0.402299,
38.605,-0.896994,-0.565303,0,0.896994,0.565303,0.402299,
38.705,-0.896994,-0.565303,0,0.896994,0.565303,0.402299,
38.805,-0.896994,-0.565303,0,0.896994,0.565303,0.402299,
38.905,-0.896994,-0.565303,0,0.896994,0.565303,0.402299,
39.005,-0.896994,-0.565303,0,0.896994,0.565303,0.402299,
39.105,-0.896994,-0.565303,0,0.896994,0.565303,0.402299,
39.205,-0.896994,-0.565303,0,0.896994,0.565303,0.402299,
39.305,-0.896994,-0.565303,0,0.896994,0.565303,0.402299,
39.405,-0.896994,-0.565303,0,0.896994,0.565303,0.402299,
39.505,-0.896994,-0.565303,0,0.896994,0.565303,0.402299,
39.605,-0.896994,-0.565303,0,0.896994,0.565303,0.402299,
39.705,-0.896994,-0.565303,0,0.896994,0.565303,0.402299,
39.805,-0.896994,-0.565303,0,0.896994,0.565303,0.402299,
39.905,-0.896994,-0.565303,0,0.896994,0.565303,0.402299,
40.005,-0.896994,-0.565303,0,0.896994,0.565303,0.402299,
40.105,-0.896994,-0.565303,0,0.896994,0.565303,0.402299,
40.205,-0.896994,-0.565303,0,0.896994,0.565303,0.402299,
40.305,-0.896994,-0.565303,0,0.896994,0.565303,0.402299,
40.405,-0.896994,-0.565303,0,0.896994,0.565303,0.402299,
40.505,-0.896994,-0.565303,0,0.896994,0.565303,0.402299,
40.605,-0.896994,-0.565303,0,0.896994,0.565303,0.402299,
40.705,-0.896994,-0.565303,0,0.896994,0.565303,0.402299,
40.805,-0.896994,-0.565303,0,0.896994,0.565303,0.402299,
40.905,-0.896994,-0.565303,0,0.896994,0.565303,0.402299,
41.005,-0.896994,-0.565303,0,0.896994,0.565303,0.402299,
41.105,-0.896994,-0.565303,0,0.896994,0.565303,0.402299,
41.205,-0.896994,-0.565303,0,0.896994,0.565303,0.402299,
41.305,-0.896994,-0.565303,0,0.896994,0.565303,0.402299,
41.405,-0.896994,-0.565303,0,0.896994,0.565303,0.402299,
41.505,-0.896994,-0.565303,0,0.896994,0.565303,0.402299,
41.605,-0.896994,-0.565303,0,0.896994,0.565303,0.402299,
41.705,-0.896994,-0.565303,0,0.896994,0.565303,0.402299,
41.805,-0.896994,-0.565303,0,0.896994,0.565303,0.402299,
41.905,-0.896994,-0.565303,0,0.896994,0.565303,0.402299,
42.005,-0.896994,-0.565303,0,0.896994,0.565303,0.402299,
42.105,-0.896994,-0.565303,0,0.896994,0.565303,0.402299,
42.205,-0.896994,-0.565303,0,0.896994,0.565303,0.402299,
42.305,-0.896994,-0.565303,0,0.896994,0.565303,0.402299,
42.405,-0.896994,-0.565303,0,0.896994,0.565303,0.402299,
42.505,-0.896994,-0.565303,0,0.896994,0.565303,0.402299,
42.605,-0.896994,-0.565303,0,0.896994,0.565303,0.402299,
42.705,-0.896994,-0.565303,0,0.896994,0.565303,0.402299,
42.805,-0.896994,-0.565303,0,0.896994,0.565303,0.402299,
42.905,-0.896994,-0.565303,0,0.896994,0.565303,0.402299,
43.005,-0.896994,-0.565303,0,0.896994,0.565303,0.402299,
43.105,-0.896994,-0.565303,0,0.896994,0.565303,0.402299,
43.205,-0.896994,-0.565303,0,0.896994,0.565303,0.402299,
43.305,-0.896994,-0.565303,0,0.896994,0.565303,0.402299,
43.405,-0.896994,-0.565303,0,0.896994,0.565303,0.402299,
43.505,-0.896994,-0.565303,0,0.896994,0.565303,0.402299,
43.605,-0.896994,-0.565303,0,0.896994,0.565303,0.402299,
43.705,-0.896994,-0.565303,0,0.896994,0.565303,0.402299,
43.805,-0.896994,-0.565303,0,0.896994,0.565303,0.402299,
43.905,-0.896994,-0.565303,0,0.896994,0.565303,0.402299,
44.005,-0.896994,-0.565303,0,0.896994,0.565303,0.402299,
44.105,-0.896994,-0.565303,0,0.896994,0.565303,0.402299,
44.205,-0.896994,-0.565303,0,0.896994,0.565303,0.402299,
44.305,-0.896994,-0.565303,0,0.896994,0.565303,0.402299,
44.405,-0.896994,-0.565303,0,0.896994,0.565303,0.402299,
44.505,-0.896994,-0.565303,0,0.896994,0.565303,0.402299,
44.605,-0.896994,-0.565303,0,0.896994,0.565303,0.402299,
44.705,-0.896994,-0.565303,0,0.896994,0.565303,0.402299,
44.805,-0.896994,-0.565303,0,0.896994,0.565303,0.402299,
44.905,-0.896994,-0.565303,0,0.896994,0.565303,0.402299,
45.005,-0.896994,-0.565303,0,0.896994,0.565303,0.402299,
45.105,-0.896994,-0.565303,0,0.896994,0.565303,0.402299,
45.205,-0.896994,-0.565303,0,0.896994,0.565303,0.402299,
45.305,-0.896994,-0.565303,0,0.896994,0.565303,0.402299,
45.405,-0.896994,-0.565303,0,0.896994,0.565303,0.402299,
45.505,-0.896994,-0.565303,0,0.896994,0.565303,0.402299,
45.605,-0.896994,-0.565303,0,0.896994,0.565303,0.402299,
45.705,-0.896994,-0.565303,0,0.896994,0.565303,0.402299,
45.805,-0.896994,-0.565303,0,0.896994,0.565303,0.402299,
45.905,-0.896994,-0.565303,0,0.896994,0.565303,0.402299,
46.005,-0.896994,-0.565303,0,0.896994,0.565303,0.402299,
46.105,-0.896994,-0.565303,0,0.896994,0.565303,0.402299,
46.205,-0.896994,-0.565303,0,0.896994,0.565303,0.402299,
46.305,-0.896994,-0.565303,0,0.896994,0.565303,0.402299,
46.405,-0.896994,-0.565303,0,0.896994,0.565303,0.402299,
46.505,-0.896994,-0.565303,0,0.896994,0.565303,0.402299,
46.605,-0.896994,-0.565303,0,0.896994,0.565303,0.402299,
46.705,-0.896994,-0.565303,0,0.896994,0.565303,0.402299,
46.805,-0.896994,-0.565303,0,0.896994,0.565303,0.402299,
46.905,-0.896994,-0.565303,0,0.896994,0.565303,0.402299,
47.005,-0.896994,-0.565303,0,0.896994,0.565303,0.402299,
47.105,-0.896994,-0.565303,0,0.896994,0.565303,0.402299,
47.205,-0.896994,-0.565303,0,0.896994,0.565303,0.402299,
47.305,-0.896994,-0.565303,0,0.896994,0.565303,0.402299,
47.405,-0.896994,-0.565303,0,0.896994,0.565303,0.402299,
47.505,-0.896994,-0.565303,0,0.896994,0.565303,0.402299,
47.605,-0.896994,-0.565303,0,0.896994,0.565303,0.402299,
47.705,-0.896994,-0.565303,0,0.896994,0.565303,0.402299,
47.805,-0.896994,-0.565303,0,0.896994,0.565303,0.402299,
47.905,-0.896994,-0.565303,0,0.896994,0.565303,0.402299,
48.005,-0.896994,-0.565303,0,0.896994,0.565303,0.402299,
48.105,-0.896994,-0.565303,0,0.896994,0.565303,0.402299,
48.205,-0.896994,-0.565303,0,0.896994,0.565303,0.402299,
48.305,-0.896994,-0.565303,0,0.896994,0.565303,0.402299,
48.405,-0.896994,-0.565303,0,0.896994,0.565303,0.402299,
48.505,-0.896994,-0.565303,0,0.896994,0.565303,0.402299,
48.605,-0.896994,-0.565303,0,0.896994,0.565303,0.402299,
48.705,-0.896994,-0.565303,0,0.896994,0.565303,0.402299,
48.805,-0.896994,-0.565303,0,0.896994,0.565303,0.402299,
48.905,-0.896994,-0.565303,0,0.896994,0.565303,0.402299,
49.005,-0.896994,-0.565303,0,0.896994,0.565303,0.402299,
49.105,-0.896994,-0.565303,0,0.896994,0.565303,0.402299,
49.205,-0.896994,-0.565303,0,0.896994,0.565303,0.402299,
49.305,-0.896994,-0.565303,0,0.896994,0.565303,0.402299,
49.405,-0.896994,-0.565303,0,0.896994,0.565303,0.402299,
49.505,-0.896994,-0.565303,0,0.896994,0.565303,0.402299,
49.605,-0.896994,-0.565303,0,0.896994,0.565303,0.402299,
49.705,-0.896994,-0.565303,0,0.896994,0.565303,0.402299,
49.805,-0.896994,-0.565303,0,0.896994,0.565303,0.402299,
49.905,-0.896994,-0.565303,0,0.896994,0.565303,0.402299,
50.005,-0.896994,-0.565303,0,0.896994,0.565303,0.402299,
50.105,-0.896994,-0.565303,0,0.896994,0.565303,0.402299,
50.205,-0.896994,-0.565303,0,0.896994,0.565303,0.402299,
50.305,-0.896994,-0.565303,0,0.896994,0.565303,0.402299,
50.405,-0.896994,-0.565303,0,0.896994,0.565303,0.402299,
50.505,-0.896994,-0.565303,0,0.896994,0.565303,0.402299,
50.605,-0.896994,-0.565303,0,0.896994,0.565303,0.402299,
50.705,-0.896994,-0.565303,0,0.896994,0.565303,0.402299,
50.805,-0.896994,-0.565303,0,0.896994,0.565303,0.402299,
50.905,-0.896994,-0.565303,0,0.896994,0.565303,0.402299,
51.005,-0.896994,-0.565303,0,0.896994,0.565303,0.402299,
51.105,-0.896994,-0.565303,0,0.896994,0.565303,0.402299,
51.205,-0.896994,-0.565303,0,0.896994,0.565303,0.402299,
51.305,-0.896994,-0.565303,0,0.896994,0.565303,0.402299,
51.405,-0.896994,-0.565303,0,0.896994,0.565303,0.402299,
51.505,-0.896994,-0.565303,0,0.896994,0.565303,0.402299,
51.605,-0.896994,-0.565303,0,0.896994,0.565303,0.402299,
51.705,-0.896994,-0.565303,0,0.896994,0.565303,0.402299,
51.805,-0.896994,-0.565303,0,0.896994,0.565303,0.402299,
51.905,-0.896994,-0.565303,0,0.896994,0.565303,0.402299,
52.005,-0.896994,-0.565303,0,0.896994,0.565303,0.402299,
52.105,-0.896994,-0.565303,0,0.896994,0.565303,0.402299,
52.205,-0.896994,-0.565303,0,0.896994,0.565303,0.402299,
52.305,-0.896994,-0.565303,0,0.896994,0.565303,0.402299,
52.405,-0.896994,-0.565303,0,0.896994,0.565303,0.402299,
52.505,-0.896994,-0.565303,0,0.896994,0.565303,0.402299,
52.605,-0.896994,-0.565303,0,0.896994,0.565303,0.402299,
52.705,-0.896994,-0.565303,0,0.896994,0.565303,0.402299,
52.805,-0.896994,-0.565303,0,0.896994,0.565303,0.402299,
52.905,-0.896994,-0.565303,0,0.896994,0.565303,0.402299,
53.005,-0.896994,-0.565303,0,0.896994,0.565303,0.402299,
53.105,-0.896994,-0.565303,0,0.896994,0.565303,0.402299,
53.205,-0.896994,-0.565303,0,0.896994,0.565303,0.402299,
53.305,-0.896994,-0.565303,0,0.896994,0.565303,0.402299,
53.405,-0.896994,-0.565303,0,0.896994,0.565303,0.402299,
53.505,-0.896994,-0.565303,0,0.896994,0.565303,0.402299,
53.605,-0.896994,-0.565303,0,0.896994,0.565303,0.402299,
53.705,-0.896994,-0.565303,0,0.896994,0.565303,0.402299,
53.805,-0.896994,-0.565303,0,0.896994,0.565303,0.402299,
53.905,-0.896994,-0.565303,0,0.896994,0.565303,0.402299,
54.005,-0.896994,-0.565303,0,0.896994,0.565303,0.402299,
54.105,-0.896994,-0.565303,0,0.896994,0.565303,0.402299,
54.205,-0.896994,-0.565303,0,0.896994,0.565303,0.402299,
54.305,-0.896994,-0.565303,0,0.896994,0.565303,0.402299,
54.405,-0.896994,-0.565303,0,0.896994,0.565303,0.402299,
54.505,-0.896994,-0.565303,0,0.896994,0.565303,0.402299,
54.605,-0.896994,-0.565303,0,0.896994,0.565303,0.402299,
54.705,-0.896994,-0.565303,0,0.896994,0.565303,0.402299,
54.805,-0.896994,-0.565303,0,0.896994,0.565303,0.402299,
54.905,-0.896994,-0.565303,0,0.896994,0.565303,0.402299,
55.005,-0.896994,-0.565303,0,0.896994,0.565303,0.402299,
55.105,-0.896994,-0.565303,0,0.896994,0.565303,0.402299,
55.205,-0.896994,-0.565303,0,0.896994,0.565303,0.402299,
55.305,-0.896994,-0.565303,0,0.896994,0.565303,0.402299,
55.405,-0.896994,-0.565303,0,0.896994,0.565303,0.402299,
55.505,-0.896994,-0.565303,0,0.896994,0.565303,0.402299,
55.605,-0.896994,-0.565303,0,0.896994,0.565303,0.402299,
55.705,-0.896994,-0.565303,0,0.896994,0.565303,0.402299,
55.805,-0.896994,-0.565303,0,0.896994,0.565303,0.402299,
55.905,-0.896994,-0.565303,0,0.896994,0.565303,0.402299,
56.005,-0.896994,-0.565303,0,0.896994,0.565303,0.402299,
56.105,-0.896994,-0.565303,0,0.896994,0.565303,0.402299,
56.205,-0.896994,-0.565303,0,0.896994,0.565303,0.402299,
56.305,-0.896994,-0.565303,0,0.896994,0.565303,0.402299,
56.405,-0.896994,-0.565303,0,0.896994,0.565303,0.402299,
56.505,-0.896994,-0.565303,0,0.896994,0.565303,0.402299,
56.605,-0.896994,-0.565303,0,0.896994,0.565303,0.402299,
56.705,-0.896994,-0.565303,0,0.896994,0.565303,0.402299,
56.805,-0.896994,-0.565303,0,0.896994,0.565303,0.402299,
56.905,-0.896994,-0.565303,0,0.896994,0.565303,0.402299,
57.005,-0.896994,-0.565303,0,0.896994,0.565303,0.402299,
57.105,-0.896994,-0.565303,0,0.896994,0.565303,0.402299,
57.205,-0.896994,-0.565303,0,0.896994,0.565303,0.402299,
57.305,-0.896994,-0.565303,0,0.896994,0.565303,0.402299,
57.405,-0.896994,-0.565303,0,0.896994,0.565303,0.402299,
57.505,-0.896994,-0.565303,0,0.896994,0.565303,0.402299,
57.605,-0.896994,-0.565303,0,0.896994,0.565303,0.402299,
57.705,-0.896994,-0.565303,0,0.896994,0.565303,0.402299,
57.805,-0.896994,-0.565303,0,0.896994,0.565303,0.402299,
57.905,-0.896994,-0.565303,0,0.896994,0.565303,0.402299,
58.005,-0.896994,-0.565303,0,0.896994,0.565303,0.402299,
58.105,-0.896994,-0.565303,0,0.896994,0.565303,0.402299,
58.205,-0.896994,-0.565303,0,0.896994,0.565303,0.402299,
58.305,-0.896994,-0.565303,0,0.896994,0.565303,0.402299,
58.405,-0.896994,-0.565303,0,0.896994,0.565303,0.402299,
58.505,-0.896994,-0.565303,0,0.896994,0.565303,0.402299,
58.605,-0.896994,-0.565303,0,0.896994,0.565303,0.402299,
58.705,-0.896994,-0.565303,0,0.896994,0.565303,0.402299,
58.805,-0.896994,-0.565303,0,0.896994,0.565303,0.402299,
58.905,-0.896994,-0.565303,0,0.896994,0.565303,0.402299,
59.005,-0.896994,-0.565303,0,0.896994,0.565303,0.402299,
59.105,-0.896994,-0.565303,0,0.896994,0.565303,0.402299,
59.205,-0.896994,-0.565303,0,0.896994,0.565303,0.402299,
59.305,-0.896994,-0.565303,0,0.896994,0.565303,0.402299,
59.405,-0.896994,-0.565303,0,0.896994,0.565303,0.402299,
59.505,-0.896994,-0.565303,0,0.896994,0.565303,0.402299,
59.605,-0.896994,-0.565303,0,0.896994,0.565303,0.402299,
59.705,-0.896994,-0.565303,0,0.896994,0.565303,0.402299,
59.805,-0.896994,-0.565303,0,0.896994,0.565303,0.402299,
59.905,-0.896994,-0.565303,0,0.896994,0.565303,0.402299,
60.005,-0.896994,-0.565303,0,0.896994,0.565303,0.402299,
60.105,-0.896994,-0.565303,0,0.896994,0.565303,0.402299,
60.205,-0.896994,-0.565303,0,0.896994,0.565303,0.402299,
60.305,-0.896994,-0.565303,0,0.896994,0.565303,0.402299,
60.405,-0.896994,-0.565303,0,0.896994,0.565303,0.402299,
60.505,-0.896994,-0.565303,0,0.896994,0.565303,0.402299,
60.605,-0.896994,-0.565303,0,0.896994,0.565303,0.402299,
60.705,-0.896994,-0.565303,0,0.896994,0.565303,0.402299,
60.805,-0.896994,-0.565303,0,0.896994,0.565303,0.402299,
60.905,-0.896994,-0.565303,0,0.896994,0.565303,0.402299,
61.005,-0.896994,-0.565303,0,0.896994,0.565303,0.402299,
61.105,-0.896994,-0.565303,0,0.896994,0.565303,0.402299,
61.205,-0.896994,-0.565303,0,0.896994,0.565303,0.402299,
61.305,-0.896994,-0.565303,0,0.896994,0.565303,0.402299,
61.405,-0.896994,-0.565303,0,0.896994,0.565303,0.402299,
61.505,-0.896994,-0.565303,0,0.896994,0.565303,0.402299,
61.605,-0.896994,-0.565303,0,0.896994,0.565303,0.402299,
61.705,-0.896994,-0.565303,0,0.896994,0.565303,0.402299,
61.805,-0.896994,-0.565303,0,0.896994,0.565303,0.402299,
61.905,-0.896994,-0.565303,0,0.896994,0.565303,0.402299,
62.005,-0.896994,-0.565303,0,0.896994,0.565303,0.402299,
62.105,-0.896994,-0.565303,0,0.896994,0.565303,0.402299,
62.205,-0.896994,-0.565303,0,0.896994,0.565303,0.402299,
62.305,-0.896994,-0.565303,0,0.896994,0.565303,0.402299,
62.405,-0.896994,-0.565303,0,0.896994,0.565303,0.402299,
62.505,-0.896994,-0.565303,0,0.896994,0.565303,0.402299,
62.605,-0.896994,-0.565303,0,0.896994,0.565303,0.402299,
62.705,-0.896994,-0.565303,0,0.896994,0.565303,0.402299,
62.805,-0.896994,-0.565303,0,0.896994,0.565303,0.402299,
62.905,-0.896994,-0.565303,0,0.896994,0.565303,0.402299,
63.005,-0.896994,-0.565303,0,0.896994,0.565303,0.402299,
63.105,-0.896994,-0.565303,0,0.896994,0.565303,0.402299,
63.205,-0.896994,-0.565303,0,0.896994,0.565303,0.402299,
63.305,-0.896994,-0.565303,0,0.896994,0.565303,0.402299,
63.405,-0.896994,-0.565303,0,0.896994,0.565303,0.402299,
63.505,-0.896994,-0.565303,0,0.896994,0.565303,0.402299,
63.605,-0.896994,-0.565303,0,0.896994,0.565303,0.402299,
63.705,-0.896994,-0.565303,0,0.896994,0.565303,0.402299,
63.805,-0.896994,-0.565303,0,0.896994,0.565303,0.402299,
63.905,-0.896994,-0.565303,0,0.896994,0.565303,0.402299,
64.005,-0.896994,-0.565303,0,0.896994,0.565303,0.402299,
64.105,-0.896994,-0.565303,0,0.896994,0.565303,0.402299,
64.205,-0.896994,-0.565303,0,0.896994,0.565303,0.402299,
64.305,-0.896994,-0.565303,0,0.896994,0.565303,0.402299,
64.405,-0.896994,-0.565303,0,0.896994,0.565303,0.402299,
64.505,-0.896994,-0.565303,0,0.896994,0.565303,0.402299,
64.605,-0.896994,-0.565303,0,0.896994,0.565303,0.402299,
64.705,-0.896994,-0.565303,0,0.896994,0.565303,0.402299,
64.805,-0.896994,-0.565303,0,0.896994,0.565303,0.402299,
64.905,-0.896994,-0.565303,0,0.896994,0.565303,0.402299,
65.005,-0.896994,-0.565303,0,0.896994,0.565303,0.402299,
65.105,-0.896994,-0.565303,0,0.896994,0.565303,0.402299,
65.205,-0.896994,-0.565303,0,0.896994,0.565303,0.402299,
65.305,-0.896994,-0.565303,0,0.896994,0.565303,0.402299,
65.405,-0.896994,-0.565303,0,0.896994,0.565303,0.402299,
65.505,-0.896994,-0.565303,0,0.896994,0.565303,0.402299,
65.605,-0.896994,-0.565303,0,0.896994,0.565303,0.402299,
65.705,-0.896994,-0.565303,0,0.896994,0.565303,0.402299,
65.805,-0.896994,-0.565303,0,0.896994,0.565303,0.402299,
65.905,-0.896994,-0.565303,0,0.896994,0.565303,0.402299,
66.005,-0.896994,-0.565303,0,0.896994,0.565303,0.402299,
66.105,-0.896994,-0.565303,0,0.896994,0.565303,0.402299,
66.205,-0.896994,-0.565303,0,0.896994,0.565303,0.402299,
66.305,-0.896994,-0.565303,0,0.896994,0.565303,0.402299,
66.405,-0.896994,-0.565303,0,0.896994,0.565303,0.402299,
66.505,-0.896994,-0.565303,0,0.896994,0.565303,0.402299,
66.605,-0.896994,-0.565303,0,0.896994,0.565303,0.402299,
66.705,-0.896994,-0.565303,0,0.896994,0.565303,0.402299,
66.805,-0.896994,-0.565303,0,0.896994,0.565303,0.402299,
66.905,-0.896994,-0.565303,0,0.896994,0.565303,0.402299,
67.005,-0.896994,-0.565303,0,0.896994,0.565303,0.402299,
67.105,-0.896994,-0.565303,0,0.896994,0.565303,0.402299,
67.205,-0.896994,-0.565303,0,0.896994,0.565303,0.402299,
67.305,-0.896994,-0.565303,0,0.896994,0.565303,0.402299,
67.405,-0.896994,-0.565303,0,0.896994,0.565303,0.402299,
67.505,-0.896994,-0.565303,0,0.896994,0.565303,0.402299,
67.605,-0.896994,-0.565303,0,0.896994,0.565303,0.402299,
67.705,-0.896994,-0.565303,0,0.896994,0.565303,0.402299,
67.805,-0.896994,-0.565303,0,0.896994,0.565303,0.402299,
67.905,-0.896994,-0.565303,0,0.896994,0.565303,0.402299,
68.005,-0.896994,-0.565303,0,0.896994,0.565303,0.402299,
68.105,-0.896994,-0.565303,0,0.896994,0.565303,0.402299,
68.205,-0.896994,-0.565303,0,0.896994,0.565303,0.402299,
68.305,-0.896994,-0.565303,0,0.896994,0.565303,0.402299,
68.405,-0.896994,-0.565303,0,0.896994,0.565303,0.402299,
68.505,-0.896994,-0.565303,0,0.896994,0.565303,0.402299,
68.605,-0.896994,-0.565303,0,0.896994,0.565303,0.402299,
68.705,-0.896994,-0.565303,0,0.896994,0.565303,0.402299,
68.805,-0.896994,-0.565303,0,0.896994,0.565303,0.402299,
68.905,-0.896994,-0.565303,0,0.896994,0.565303,0.402299,
69.005,-0.896994,-0.565303,0,0.896994,0.565303,0.402299,
69.105,-0.896994,-0.565303,0,0.896994,0.565303,0.402299,
69.205,-0.896994,-0.565303,0,0.896994,0.565303,0.402299,
69.305,-0.896994,-0.565303,0,0.896994,0.565303,0.402299,
69.405,-0.896994,-0.565303,0,0.896994,0.565303,0.402299,
69.505,-0.896994,-0.565303,0,0.896994,0.565303,0.402299,
69.605,-0.896994,-0.565303,0,0.896994,0.565303,0.402299,
69.705,-0.896994,-0.565303,0,0.896994,0.565303,0.402299,
69.805,-0.896994,-0.565303,0,0.896994,0.565303,0.402299,
69.905,-0.896994,-0.565303,0,0.896994,0.565303,0.402299,
70.005,-0.896994,-0.565303,0,0.896994,0.565303,0.402299,
70.105,-0.896994,-0.565303,0,0.896994,0.565303,0.402299,
70.205,-0.896994,-0.565303,0,0.896994,0.565303,0.402299,
70.305,-0.896994,-0.565303,0,0.896994,0.565303,0.402299,
70.405,-0.896994,-0.565303,0,0.896994,0.565303,0.402299,
70.505,-0.896994,-0.565303,0,0.896994,0.565303,0.402299,
70.605,-0.896994,-0.565303,0,0.896994,0.565303,0.402299,
70.705,-0.896994,-0.565303,0,0.896994,0.565303,0.402299,
70.805,-0.896994,-0.565303,0,0.896994,0.565303,0.402299,
70.905,-0.896994,-0.565303,0,0.896994,0.565303,0.402299,
71.005,-0.896994,-0.565303,0,0.896994,0.565303,0.402299,
71.105,-0.896994,-0.565303,0,0.896994,0.565303,0.402299,
71.205,-0.896994,-0.565303,0,0.896994,0.565303,0.402299,
71.305,-0.896994,-0.565303,0,0.896994,0.565303,0.402299,
71.405,-0.896994,-0.565303,0,0.896994,0.565303,0.402299,
71.505,-0.896994,-0.565303,0,0.896994,0.565303,0.402299,
71.605,-0.896994,-0.565303,0,0.896994,0.565303,0.402299,
71.705,-0.896994,-0.565303,0,0.896994,0.565303,0.402299,
71.805,-0.896994,-0.565303,0,0.896994,0.565303,0.402299,
71.905,-0.896994,-0.565303,0,0.896994,0.565303,0.402299,
72.005,-0.896994,-0.565303,0,0.896994,0.565303,0.402299,
72.105,-0.896994,-0.565303,0,0.896994,0.565303,0.402299,
72.205,-0.896994,-0.565303,0,0.896994,0.565303,0.402299,
72.305,-0.896994,-0.565303,0,0.896994,0.565303,0.402299,
72.405,-0.896994,-0.565303,0,0.896994,0.565303,0.402299,
72.505,-0.896994,-0.565303,0,0.896994,0.565303,0.402299,
72.605,-0.896994,-0.565303,0,0.896994,0.565303,0.402299,
72.705,-0.896994,-0.565303,0,0.896994,0.565303,0.402299,
72.805,-0.896994,-0.565303,0,0.896994,0.565303,0.402299,
72.905,-0.896994,-0.565303,0,0.896994,0.565303,0.402299,
73.005,-0.896994,-0.565303,0,0.896994,0.565303,0.402299,
73.105,-0.896994,-0.565303,0,0.896994,0.565303,0.402299,
73.205,-0.896994,-0.565303,0,0.896994,0.565303,0.402299,
73.305,-0.896994,-0.565303,0,0.896994,0.565303,0.402299,
73.405,-0.896994,-0.565303,0,0.896994,0.565303,0.402299,
73.505,-0.896994,-0.565303,0,0.896994,0.565303,0.402299,
73.605,-0.896994,-0.565303,0,0.896994,0.565303,0.402299,
73.705,-0.896994,-0.565303,0,0.896994,0.565303,0.402299,
73.805,-0.896994,-0.565303,0,0.896994,0.565303,0.402299,
73.905,-0.896994,-0.565303,0,0.896994,0.565303,0.402299,
74.005,-0.896994,-0.565303,0,0.896994,0.565303,0.402299,
74.105,-0.896994,-0.565303,0,0.896994,0.565303,0.402299,
74.205,-0.896994,-0.565303,0,0.896994,0.565303,0.402299,
74.305,-0.896994,-0.565303,0,0.896994,0.565303,0.402299,
74.405,-0.896994,-0.565303,0,0.896994,0.565303,0.402299,
74.505,-0.896994,-0.565303,0,0.896994,0.565303,0.402299,
74.605,-0.896994,-0.565303,0,0.896994,0.565303,0.402299,
74.705,-0.896994,-0.565303,0,0.896994,0.565303,0.402299,
74.805,-0.896994,-0.565303,0,0.896994,0.565303,0.402299,
74.905,-0.896994,-0.565303,0,0.896994,0.565303,0.402299,
75.005,-0.896994,-0.565303,0,0.896994,0.565303,0.402299,
75.105,-0.896994,-0.565303,0,0.896994,0.565303,0.402299,
75.205,-0.896994,-0.565303,0,0.896994,0.565303,0.402299,
75.305,-0.896994,-0.565303,0,0.896994,0.565303,0.402299,
75.405,-0.896994,-0.565303,0,0.896994,0.565303,0.402299,
75.505,-0.896994,-0.565303,0,0.896994,0.565303,0.402299,
75.605,-0.896994,-0.565303,0,0.896994,0.565303,0.402299,
75.705,-0.896994,-0.565303,0,0.896994,0.565303,0.402299,
75.805,-0.896994,-0.565303,0,0.896994,0.565303,0.402299,
75.905,-0.896994,-0.565303,0,0.896994,0.565303,0.402299,
76.005,-0.896994,-0.565303,0,0.896994,0.565303,0.402299,
76.105,-0.896994,-0.565303,0,0.896994,0.565303,0.402299,
76.205,-0.896994,-0.565303,0,0.896994,0.565303,0.402299,
76.305,-0.896994,-0.565303,0,0.896994,0.565303,0.402299,
76.405,-0.896994,-0.565303,0,0.896994,0.565303,0.402299,
76.505,-0.896994,-0.565303,0,0.896994,0.565303,0.402299,
76.605,-0.896994,-0.565303,0,0.896994,0.565303,0.402299,
76.705,-0.896994,-0.565303,0,0.896994,0.565303,0.402299,
76.805,-0.896994,-0.565303,0,0.896994,0.565303,0.402299,
76.905,-0.896994,-0.565303,0,0.896994,0.565303,0.402299,
77.005,-0.896994,-0.565303,0,0.896994,0.565303,0.402299,
77.105,-0.896994,-0.565303,0,0.896994,0.565303,0.402299,
77.205,-0.896994,-0.565303,0,0.896994,0.565303,0.402299,
77.305,-0.896994,-0.565303,0,0.896994,0.565303,0.402299,
77.405,-0.896994,-0.565303,0,0.896994,0.565303,0.402299,
77.505,-0.896994,-0.565303,0,0.896994,0.565303,0.402299,
77.605,-0.896994,-0.565303,0,0.896994,0.565303,0.402299,
77.705,-0.896994,-0.565303,0,0.896994,0.565303,0.402299,
77.805,-0.896994,-0.565303,0,0.896994,0.565303,0.402299,
77.905,-0.896994,-0.565303,0,0.896994,0.565303,0.402299,
78.005,-0.896994,-0.565303,0,0.896994,0.565303,0.402299,
78.105,-0.896994,-0.565303,0,0.896994,0.565303,0.402299,
78.205,-0.896994,-0.565303,0,0.896994,0.565303,0.402299,
78.305,-0.896994,-0.565303,0,0.896994,0.565303,0.402299,
78.405,-0.896994,-0.565303,0,0.896994,0.565303,0.402299,
78.505,-0.896994,-0.565303,0,0.896994,0.565303,0.402299,
78.605,-0.896994,-0.565303,0,0.896994,0.565303,0.402299,
78.705,-0.896994,-0.565303,0,0.896994,0.565303,0.402299,
78.805,-0.896994,-0.565303,0,0.896994,0.565303,0.402299,
78.905,-0.896994,-0.565303,0,0.896994,0.565303,0.402299,
79.005,-0.896994,-0.565303,0,0.896994,0.565303,0.402299,
79.105,-0.896994,-0.565303,0,0.896994,0.565303,0.402299,
79.205,-0.896994,-0.565303,0,0.896994,0.565303,0.402299,
79.305,-0.896994,-0.565303,0,0.896994,0.565303,0.402299,
79.405,-0.896994,-0.565303,0,0.896994,0.565303,0.402299,
79.505,-0.896994,-0.565303,0,0.896994,0.565303,0.402299,
79.605,-0.896994,-0.565303,0,0.896994,0.565303,0.402299,
79.705,-0.896994,-0.565303,0,0.896994,0.565303,0.402299,
79.805,-0.896994,-0.565303,0,0.896994,0.565303,0.402299,
79.905,-0.896994,-0.565303,0,0.896994,0.565303,0.402299,
